0,111192823,28222,64,111192823,28222,392,111192823,28222,2045,111192823,28222,1,111192823,28222,64,111192823,28222,111070,111192823,28222,
0,112221197,7565,64,112221197,7565,392,112221197,7565,2045,112221197,7565,1,112221197,7565,64,112221197,7565,108453,112221197,7565,
0,113228850,-50463,64,113228850,-50463,392,113228850,-50463,2045,113228850,-50463,1,113228850,-50463,64,113228850,-50463,104593,113228850,-50463,
0,114178480,-50199,64,114178480,-50199,392,114178480,-50199,2045,114178480,-50199,1,114178480,-50199,64,114178480,-50199,104410,114178480,-50199,
0,115128389,-44647,64,115128389,-44647,392,115128389,-44647,2045,115128389,-44647,1,115128389,-44647,64,115128389,-44647,104376,115128389,-44647,
792,116083849,-18717,53965,116083849,-18717,7112000,116083849,-18717,546944,116083849,-18717,25728,116083849,-18717,231552,116083849,-18717,19614515,116083849,-18717,0,116083849,-18717,64,116083849,-18717,392,116083849,-18717,2045,116083849,-18717,1,116083849,-18717,64,116083849,-18717,104443,116083849,-18717,
4,121137248,114306,64,121137248,114306,392,121137248,114306,2045,121137248,114306,1,121137248,114306,64,121137248,114306,112707,121137248,114306,
4,122251806,166946,64,122251806,166946,392,122251806,166946,2045,122251806,166946,1,122251806,166946,64,122251806,166946,109790,122251806,166946,
0,123418825,82411,64,123418825,82411,392,123418825,82411,2045,123418825,82411,1,123418825,82411,64,123418825,82411,106006,123418825,82411,
0,124501345,102683,64,124501345,102683,392,124501345,102683,2045,124501345,102683,1,124501345,102683,64,124501345,102683,105833,124501345,102683,
0,125604123,99495,64,125604123,99495,392,125604123,99495,2045,125604123,99495,1,125604123,99495,64,125604123,99495,105814,125604123,99495,
813,126703806,164244,53959,126703806,164244,7112000,126703806,164244,546944,126703806,164244,25728,126703806,164244,231552,126703806,164244,19335711,126703806,164244,0,126703806,164244,64,126703806,164244,392,126703806,164244,2045,126703806,164244,1,126703806,164244,64,126703806,164244,106089,126703806,164244,
8,132009724,152253,64,132009724,152253,392,132009724,152253,2045,132009724,152253,1,132009724,152253,64,132009724,152253,107072,132009724,152253,
0,133162106,264263,64,133162106,264263,392,133162106,264263,2045,133162106,264263,1,133162106,264263,64,133162106,264263,115338,133162106,264263,
0,134426496,184257,64,134426496,184257,392,134426496,184257,2045,134426496,184257,1,134426496,184257,64,134426496,184257,106083,134426496,184257,
0,135610875,191184,64,135610875,191184,392,135610875,191184,2045,135610875,191184,1,135610875,191184,64,135610875,191184,105841,135610875,191184,
0,136802206,176952,64,136802206,176952,392,136802206,176952,2045,136802206,176952,1,136802206,176952,64,136802206,176952,105866,136802206,176952,
809,137979281,-667231,54059,137979281,-667231,7112000,137979281,-667231,546944,137979281,-667231,25728,137979281,-667231,231552,137979281,-667231,19192241,137979281,-667231,0,137979281,-667231,64,137979281,-667231,392,137979281,-667231,2045,137979281,-667231,1,137979281,-667231,64,137979281,-667231,106040,137979281,-667231,
0,143778439,-773880,64,143778439,-773880,392,143778439,-773880,2045,143778439,-773880,1,143778439,-773880,64,143778439,-773880,117846,143778439,-773880,
0,145004689,354204,64,145004689,354204,392,145004689,354204,2045,145004689,354204,1,145004689,354204,64,145004689,354204,117919,145004689,354204,
0,146358962,258416,64,146358962,258416,392,146358962,258416,2045,146358962,258416,1,146358962,258416,64,146358962,258416,108584,146358962,258416,
0,147617489,236830,64,147617489,236830,392,147617489,236830,2045,147617489,236830,1,147617489,236830,64,147617489,236830,108646,147617489,236830,
0,148854408,-772968,64,148854408,-772968,392,148854408,-772968,2045,148854408,-772968,1,148854408,-772968,64,148854408,-772968,108622,148854408,-772968,
797,150081515,466503,53992,150081515,466503,7112000,150081515,466503,546944,150081515,466503,25728,150081515,466503,231552,150081515,466503,19374383,150081515,466503,0,150081515,466503,64,150081515,466503,392,150081515,466503,2045,150081515,4665030,111247839,56866,64,111247839,56866,392,111247839,56866,2045,111247839,56866,1,111247839,56866,64,111247839,56866,107166,111247839,56866,
0,112304808,11795,64,112304808,11795,392,112304808,11795,2045,112304808,11795,1,112304808,11795,64,112304808,11795,107414,112304808,11795,
4,113316721,-50242,64,113316721,-50242,392,113316721,-50242,2045,113316721,-50242,1,113316721,-50242,64,113316721,-50242,105131,113316721,-50242,
4,114266573,-50051,64,114266573,-50051,392,114266573,-50051,2045,114266573,-50051,1,114266573,-50051,64,114266573,-50051,105343,114266573,-50051,
4,115216627,-44992,64,115216627,-44992,392,115216627,-44992,2045,115216627,-44992,1,115216627,-44992,64,115216627,-44992,105342,115216627,-44992,
815,116171751,18216,54031,116171751,18216,7112000,116171751,18216,546944,116171751,18216,25728,116171751,18216,231552,116171751,18216,19413445,116171751,18216,4,116171751,18216,64,116171751,18216,392,116171751,18216,2045,116171751,18216,1,116171751,18216,64,116171751,18216,105384,116171751,18216,
0,121201824,141093,64,121201824,141093,392,121201824,141093,2045,121201824,141093,1,121201824,141093,64,121201824,141093,108156,121201824,141093,
0,122343064,170535,64,122343064,170535,392,122343064,170535,2045,122343064,170535,1,122343064,170535,64,122343064,170535,108354,122343064,170535,
0,123513730,87905,64,123513730,87905,392,123513730,87905,2045,123513730,87905,1,123513730,87905,64,123513730,87905,106174,123513730,87905,
0,124601703,98442,64,124601703,98442,392,124601703,98442,2045,124601703,98442,1,124601703,98442,64,124601703,98442,106000,124601703,98442,
0,125700218,98222,64,125700218,98222,392,125700218,98222,2045,125700218,98222,1,125700218,98222,64,125700218,98222,106261,125700218,98222,
813,126798556,168615,54007,126798556,168615,7112000,126798556,168615,546944,126798556,168615,25728,126798556,168615,231552,126798556,168615,19327202,126798556,168615,0,126798556,168615,64,126798556,168615,392,126798556,168615,2045,126798556,168615,1,126798556,168615,64,126798556,168615,107836,126798556,168615,
0,132113152,185870,68,132113152,185870,392,132113152,185870,2045,132113152,185870,1,132113152,185870,64,132113152,185870,105499,132113152,185870,
0,133299161,269578,68,133299161,269578,392,133299161,269578,2045,133299161,269578,1,133299161,269578,64,133299161,269578,116719,133299161,269578,
0,134568832,182445,68,134568832,182445,392,134568832,182445,2045,134568832,182445,1,134568832,182445,64,134568832,182445,107060,134568832,182445,
0,135751436,181424,68,135751436,181424,392,135751436,181424,2045,135751436,181424,1,135751436,181424,64,135751436,181424,106929,135751436,181424,
0,136932995,-820299,68,136932995,-820299,392,136932995,-820299,2045,136932995,-820299,1,136932995,-820299,64,136932995,-820299,106882,136932995,-820299,
805,138112790,336052,53289,138112790,336052,7112000,138112790,336052,546944,138112790,336052,25728,138112790,336052,231552,138112790,336052,19587365,138112790,336052,0,138112790,336052,68,138112790,336052,392,138112790,336052,2045,138112790,336052,1,138112790,336052,64,138112790,336052,106971,138112790,336052,
0,143921201,-741772,68,143921201,-741772,392,143921201,-741772,2045,143921201,-741772,1,143921201,-741772,64,143921201,-741772,113899,143921201,-741772,
0,145179581,358000,68,145179581,358000,392,145179581,358000,2045,145179581,358000,1,145179581,358000,64,145179581,358000,113718,145179581,358000,
0,146537674,245552,68,146537674,245552,392,146537674,245552,2045,146537674,245552,1,146537674,245552,64,146537674,245552,104382,146537674,245552,
0,147783322,-762021,68,147783322,-762021,392,147783322,-762021,2045,147783322,-762021,1,147783322,-762021,64,147783322,-762021,104507,147783322,-762021,
0,149021393,227673,68,149021393,227673,392,149021393,227673,2045,149021393,227673,1,149021393,227673,64,149021393,227673,104691,149021393,227673,
805,150249137,480189,53382,150249137,480189,7112000,150249137,480189,546944,150249137,480189,25728,150249137,480189,231552,150249137,480189,19476328,150249137,480189,0,150249137,480189,68,150249137,480189,392,150249137,480189,2045,150249137,480189,1,150249137,480189,64,111231143,50958,68,111231143,50958,392,111231143,50958,2045,111231143,50958,1,111231143,50958,64,111231143,50958,112546,111231143,50958,
4,112282243,11220,68,112282243,11220,392,112282243,11220,2045,112282243,11220,1,112282243,11220,64,112282243,11220,109952,112282243,11220,
0,113293555,-50359,68,113293555,-50359,392,113293555,-50359,2045,113293555,-50359,1,113293555,-50359,64,113293555,-50359,105828,113293555,-50359,
0,114243306,-50146,68,114243306,-50146,392,114243306,-50146,2045,114243306,-50146,1,114243306,-50146,64,114243306,-50146,105918,114243306,-50146,
0,115193256,-44836,68,115193256,-44836,392,115193256,-44836,2045,115193256,-44836,1,115193256,-44836,64,115193256,-44836,105893,115193256,-44836,
818,116148544,-10703,53946,116148544,-10703,7112000,116148544,-10703,546944,116148544,-10703,25728,116148544,-10703,231552,116148544,-10703,19368461,116148544,-10703,0,116148544,-10703,68,116148544,-10703,392,116148544,-10703,2045,116148544,-10703,1,116148544,-10703,64,116148544,-10703,105894,116148544,-10703,
4,121207304,140781,68,121207304,140781,392,121207304,140781,2045,121207304,140781,1,121207304,140781,64,121207304,140781,105399,121207304,140781,
4,122348223,170644,68,122348223,170644,392,122348223,170644,2045,122348223,170644,1,122348223,170644,64,122348223,170644,105469,122348223,170644,
0,123518983,87384,68,123518983,87384,392,123518983,87384,2045,123518983,87384,1,123518983,87384,64,123518983,87384,103013,123518983,87384,
0,124606449,99189,68,124606449,99189,392,124606449,99189,2045,124606449,99189,1,124606449,99189,64,124606449,99189,102927,124606449,99189,
0,125705758,96712,68,125705758,96712,392,125705758,96712,2045,125705758,96712,1,125705758,96712,64,125705758,96712,102905,125705758,96712,
818,126802545,169492,53903,126802545,169492,7112000,126802545,169492,546944,126802545,169492,25728,126802545,169492,231552,126802545,169492,19271181,126802545,169492,0,126802545,169492,68,126802545,169492,392,126802545,169492,2045,126802545,169492,1,126802545,169492,64,126802545,169492,102937,126802545,169492,
4,132126169,194827,64,132126169,194827,392,132126169,194827,2045,132126169,194827,1,132126169,194827,64,132126169,194827,113035,132126169,194827,
4,133321135,270436,64,133321135,270436,392,133321135,270436,2045,133321135,270436,1,133321135,270436,64,133321135,270436,110424,133321135,270436,
0,134591726,183361,64,134591726,183361,392,134591726,183361,2045,134591726,183361,1,134591726,183361,64,134591726,183361,103944,134591726,183361,
0,135775222,178998,64,135775222,178998,392,135775222,178998,2045,135775222,178998,1,135775222,178998,64,135775222,178998,103789,135775222,178998,
0,136954349,-819517,64,136954349,-819517,392,136954349,-819517,2045,136954349,-819517,1,136954349,-819517,64,136954349,-819517,103657,136954349,-819517,
800,138134959,336268,53939,138134959,336268,7112000,138134959,336268,546944,138134959,336268,25728,138134959,336268,231552,138134959,336268,19364043,138134959,336268,0,138134959,336268,64,138134959,336268,392,138134959,336268,2045,138134959,336268,1,138134959,336268,64,138134959,336268,103891,138134959,336268,
4,143948009,-734168,64,143948009,-734168,392,143948009,-734168,2045,143948009,-734168,1,143948009,-734168,64,143948009,-734168,115864,143948009,-734168,
4,145213940,365224,64,145213940,365224,392,145213940,365224,2045,145213940,365224,1,145213940,365224,64,145213940,365224,106630,145213940,365224,
0,146579296,245901,64,146579296,245901,392,146579296,245901,2045,146579296,245901,1,146579296,245901,64,146579296,245901,106488,146579296,245901,
0,147825536,-762537,64,147825536,-762537,392,147825536,-762537,2045,147825536,-762537,1,147825536,-762537,64,147825536,-762537,106599,147825536,-762537,
0,149063124,230686,64,149063124,230686,392,149063124,230686,2045,149063124,230686,1,149063124,230686,64,149063124,230686,106607,149063124,230686,
805,150293880,484127,54089,150293880,484127,7112000,150293880,484127,546944,150293880,484127,25728,150293880,484127,231552,150293880,484127,19509923,150293880,484127,0,150293880,484127,64,150293880,484127,392,150293880,484127,2045,150293880,484127,1,15020,111349885,88283,68,111349885,88283,392,111349885,88283,2045,111349885,88283,1,111349885,88283,64,111349885,88283,107710,111349885,88283,
0,112438298,23585,68,112438298,23585,392,112438298,23585,2045,112438298,23585,1,112438298,23585,64,112438298,23585,105547,112438298,23585,
0,113461978,-50680,68,113461978,-50680,392,113461978,-50680,2045,113461978,-50680,1,113461978,-50680,64,113461978,-50680,105337,113461978,-50680,
0,114411407,-49147,68,114411407,-49147,392,114411407,-49147,2045,114411407,-49147,1,114411407,-49147,64,114411407,-49147,105561,114411407,-49147,
0,115362356,-45811,68,115362356,-45811,392,115362356,-45811,2045,115362356,-45811,1,115362356,-45811,64,115362356,-45811,105699,115362356,-45811,
799,116316681,198329,54074,116316681,198329,7112000,116316681,198329,546944,116316681,198329,25728,116316681,198329,231552,116316681,198329,19422510,116316681,198329,0,116316681,198329,68,116316681,198329,392,116316681,198329,2045,116316681,198329,1,116316681,198329,64,116316681,198329,105444,116316681,198329,
4,121299332,174985,68,121299332,174985,392,121299332,174985,2045,121299332,174985,1,121299332,174985,64,121299332,174985,106059,121299332,174985,
4,122474446,168452,68,122474446,168452,392,122474446,168452,2045,122474446,168452,1,122474446,168452,64,122474446,168452,103700,122474446,168452,
0,123643016,98239,68,123643016,98239,392,123643016,98239,2045,123643016,98239,1,123643016,98239,64,123643016,98239,103521,123643016,98239,
0,124741329,89172,68,124741329,89172,392,124741329,89172,2045,124741329,89172,1,124741329,89172,64,124741329,89172,103594,124741329,89172,
0,125830601,97882,68,125830601,97882,392,125830601,97882,2045,125830601,97882,1,125830601,97882,64,125830601,97882,104095,125830601,97882,
819,126928575,-805864,53355,126928575,-805864,7112000,126928575,-805864,546944,126928575,-805864,25728,126928575,-805864,231552,126928575,-805864,19277562,126928575,-805864,0,126928575,-805864,68,126928575,-805864,392,126928575,-805864,2045,126928575,-805864,1,126928575,-805864,64,126928575,-805864,103611,126928575,-805864,
0,132202518,224523,68,132202518,224523,392,132202518,224523,2045,132202518,224523,1,132202518,224523,64,132202518,224523,115524,132202518,224523,
0,133427134,270054,68,133427134,270054,392,133427134,270054,2045,133427134,270054,1,133427134,270054,64,133427134,270054,112890,133427134,270054,
4,134697260,187679,68,134697260,187679,392,134697260,187679,2045,134697260,187679,1,134697260,187679,64,134697260,187679,106223,134697260,187679,
4,135885041,-826630,68,135885041,-826630,392,135885041,-826630,2045,135885041,-826630,1,135885041,-826630,64,135885041,-826630,106406,135885041,-826630,
4,137058507,185424,68,137058507,185424,392,137058507,185424,2045,137058507,185424,1,137058507,185424,64,137058507,185424,106306,137058507,185424,
822,138244001,360115,53834,138244001,360115,7112000,138244001,360115,546944,138244001,360115,25728,138244001,360115,231552,138244001,360115,19397396,138244001,360115,4,138244001,360115,68,138244001,360115,392,138244001,360115,2045,138244001,360115,1,138244001,360115,64,138244001,360115,106383,138244001,360115,
0,144002326,280490,68,144002326,280490,392,144002326,280490,2045,144002326,280490,1,144002326,280490,64,144002326,280490,116347,144002326,280490,
0,145283130,368051,68,145283130,368051,392,145283130,368051,2045,145283130,368051,1,145283130,368051,64,145283130,368051,106712,145283130,368051,
0,146651247,244296,68,146651247,244296,392,146651247,244296,2045,146651247,244296,1,146651247,244296,64,146651247,244296,106670,146651247,244296,
0,147895637,-769590,68,147895637,-769590,392,147895637,-769590,2045,147895637,-769590,1,147895637,-769590,64,147895637,-769590,106589,147895637,-769590,
0,149126151,235957,68,149126151,235957,392,149126151,235957,2045,149126151,235957,1,149126151,235957,64,149126151,235957,106743,149126151,235957,
829,150362186,493242,53909,150362186,493242,7112000,150362186,493242,546944,150362186,493242,25728,150362186,493242,231552,150362186,493242,19071667,150362186,493242,0,150362186,493242,68,150362186,493242,392,150362186,493242,2045,150362186,4932420,111349951,88798,64,111349951,88798,392,111349951,88798,2045,111349951,88798,1,111349951,88798,64,111349951,88798,106067,111349951,88798,
0,112438881,23510,64,112438881,23510,392,112438881,23510,2045,112438881,23510,1,112438881,23510,64,112438881,23510,103740,112438881,23510,
4,113462486,-50694,64,113462486,-50694,392,113462486,-50694,2045,113462486,-50694,1,113462486,-50694,64,113462486,-50694,103770,113462486,-50694,
4,114411898,-49142,64,114411898,-49142,392,114411898,-49142,2045,114411898,-49142,1,114411898,-49142,64,114411898,-49142,103474,114411898,-49142,
4,115362853,-45285,64,115362853,-45285,392,115362853,-45285,2045,115362853,-45285,1,115362853,-45285,64,115362853,-45285,103768,115362853,-45285,
817,116317700,199095,54065,116317700,199095,7112000,116317700,199095,546944,116317700,199095,25728,116317700,199095,231552,116317700,199095,19274258,116317700,199095,4,116317700,199095,64,116317700,199095,392,116317700,199095,2045,116317700,199095,1,116317700,199095,64,116317700,199095,103723,116317700,199095,
0,121318818,186853,68,121318818,186853,392,121318818,186853,2045,121318818,186853,1,121318818,186853,64,121318818,186853,105205,121318818,186853,
0,122505808,171520,68,122505808,171520,392,122505808,171520,2045,122505808,171520,1,122505808,171520,64,122505808,171520,102792,122505808,171520,
0,123677433,100712,68,123677433,100712,392,123677433,100712,2045,123677433,100712,1,123677433,100712,64,123677433,100712,102822,123677433,100712,
0,124778244,87677,68,124778244,87677,392,124778244,87677,2045,124778244,87677,1,124778244,87677,64,124778244,87677,102913,124778244,87677,
0,125866027,100708,68,125866027,100708,392,125866027,100708,2045,125866027,100708,1,125866027,100708,64,125866027,100708,102883,125866027,100708,
786,126966834,-787622,54004,126966834,-787622,7112000,126966834,-787622,546944,126966834,-787622,25728,126966834,-787622,231552,126966834,-787622,19491390,126966834,-787622,0,126966834,-787622,68,126966834,-787622,392,126966834,-787622,2045,126966834,-787622,1,126966834,-787622,64,126966834,-787622,103059,126966834,-787622,
0,132214438,234603,68,132214438,234603,392,132214438,234603,2045,132214438,234603,1,132214438,234603,64,132214438,234603,118489,132214438,234603,
0,133449331,268407,68,133449331,268407,392,133449331,268407,2045,133449331,268407,1,133449331,268407,64,133449331,268407,106512,133449331,268407,
0,134717896,188853,68,134717896,188853,392,134717896,188853,2045,134717896,188853,1,134717896,188853,64,134717896,188853,106558,134717896,188853,
0,135906975,-826734,68,135906975,-826734,392,135906975,-826734,2045,135906975,-826734,1,135906975,-826734,64,135906975,-826734,106485,135906975,-826734,
0,137080317,188145,68,137080317,188145,392,137080317,188145,2045,137080317,188145,1,137080317,188145,64,137080317,188145,106407,137080317,188145,
819,138268567,368143,53954,138268567,368143,7112000,138268567,368143,546944,138268567,368143,25728,138268567,368143,231552,138268567,368143,19401955,138268567,368143,0,138268567,368143,68,138268567,368143,392,138268567,368143,2045,138268567,368143,1,138268567,368143,64,138268567,368143,106464,138268567,368143,
0,144030248,295283,68,144030248,295283,392,144030248,295283,2045,144030248,295283,1,144030248,295283,64,144030248,295283,117617,144030248,295283,
0,145325617,364568,68,145325617,364568,392,145325617,364568,2045,145325617,364568,1,145325617,364568,64,145325617,364568,108163,145325617,364568,
0,146690255,244992,68,146690255,244992,392,146690255,244992,2045,146690255,244992,1,146690255,244992,64,146690255,244992,108203,146690255,244992,
0,147935324,-772007,68,147935324,-772007,392,147935324,-772007,2045,147935324,-772007,1,147935324,-772007,64,147935324,-772007,108123,147935324,-772007,
0,149163406,236673,68,149163406,236673,392,149163406,236673,2045,149163406,236673,1,149163406,236673,64,149163406,236673,108134,149163406,236673,
819,150400169,507530,53966,150400169,507530,7112000,150400169,507530,546944,150400169,507530,25728,150400169,507530,231552,150400169,507530,19485045,150400169,507530,0,150400169,507530,68,150400169,507530,392,150400169,507530,2045,150,111351140,88911,68,111351140,88911,392,111351140,88911,2045,111351140,88911,1,111351140,88911,64,111351140,88911,108984,111351140,88911,
0,112440178,23444,68,112440178,23444,392,112440178,23444,2045,112440178,23444,1,112440178,23444,64,112440178,23444,106793,112440178,23444,
0,113463712,-50718,68,113463712,-50718,392,113463712,-50718,2045,113463712,-50718,1,113463712,-50718,64,113463712,-50718,106624,113463712,-50718,
0,114413122,-49181,68,114413122,-49181,392,114413122,-49181,2045,114413122,-49181,1,114413122,-49181,64,114413122,-49181,106553,114413122,-49181,
0,115364036,-45628,68,115364036,-45628,392,115364036,-45628,2045,115364036,-45628,1,115364036,-45628,64,115364036,-45628,106805,115364036,-45628,
798,116318547,198372,53898,116318547,198372,7112000,116318547,198372,546944,116318547,198372,25728,116318547,198372,231552,116318547,198372,19394578,116318547,198372,0,116318547,198372,68,116318547,198372,392,116318547,198372,2045,116318547,198372,1,116318547,198372,64,116318547,198372,106737,116318547,198372,
0,121319139,187102,68,121319139,187102,392,121319139,187102,2045,121319139,187102,1,121319139,187102,64,121319139,187102,107348,121319139,187102,
0,122506362,171487,68,122506362,171487,392,122506362,171487,2045,122506362,171487,1,122506362,171487,64,122506362,171487,105177,122506362,171487,
4,123677941,101284,68,123677941,101284,392,123677941,101284,2045,123677941,101284,1,123677941,101284,64,123677941,101284,105182,123677941,101284,
4,124779418,87355,68,124779418,87355,392,124779418,87355,2045,124779418,87355,1,124779418,87355,64,124779418,87355,105187,124779418,87355,
4,125866898,101318,68,125866898,101318,392,125866898,101318,2045,125866898,101318,1,125866898,101318,64,125866898,101318,105089,125866898,101318,
1150,126968334,-786361,54037,126968334,-786361,7112000,126968334,-786361,546944,126968334,-786361,25728,126968334,-786361,231552,126968334,-786361,19479827,126968334,-786361,4,126968334,-786361,68,126968334,-786361,392,126968334,-786361,2045,126968334,-786361,1,126968334,-786361,64,126968334,-786361,105662,126968334,-786361,
4,132220192,237796,68,132220192,237796,392,132220192,237796,2045,132220192,237796,1,132220192,237796,64,132220192,237796,113656,132220192,237796,
4,133458129,272353,68,133458129,272353,392,133458129,272353,2045,133458129,272353,1,133458129,272353,64,133458129,272353,106320,133458129,272353,
0,134730796,189029,68,134730796,189029,392,134730796,189029,2045,134730796,189029,1,134730796,189029,64,134730796,189029,106596,134730796,189029,
0,135919963,-827067,68,135919963,-827067,392,135919963,-827067,2045,135919963,-827067,1,135919963,-827067,64,135919963,-827067,106346,135919963,-827067,
0,137092986,188794,68,137092986,188794,392,137092986,188794,2045,137092986,188794,1,137092986,188794,64,137092986,188794,106563,137092986,188794,
836,138281884,377761,53940,138281884,377761,7112000,138281884,377761,546944,138281884,377761,25728,138281884,377761,231552,138281884,377761,19326271,138281884,377761,0,138281884,377761,68,138281884,377761,392,138281884,377761,2045,138281884,377761,1,138281884,377761,64,138281884,377761,106574,138281884,377761,
0,144037129,295598,68,144037129,295598,392,144037129,295598,2045,144037129,295598,1,144037129,295598,64,144037129,295598,128416,144037129,295598,
0,145332818,368801,68,145332818,368801,392,145332818,368801,2045,145332818,368801,1,145332818,368801,64,145332818,368801,109758,145332818,368801,
4,146701691,245509,68,146701691,245509,392,146701691,245509,2045,146701691,245509,1,146701691,245509,64,146701691,245509,109769,146701691,245509,
4,147947279,-772544,68,147947279,-772544,392,147947279,-772544,2045,147947279,-772544,1,147947279,-772544,64,147947279,-772544,109732,147947279,-772544,
4,149174827,236634,68,149174827,236634,392,149174827,236634,2045,149174827,236634,1,149174827,236634,64,149174827,236634,109541,149174827,236634,
809,150411553,508822,53976,150411553,508822,7112000,150411553,508822,546944,150411553,508822,25728,150411553,508822,231552,150411553,508822,19485924,150411553,508822,4,150411553,508822,68,150411553,508822,392,150411553,508822,2045,1,1,150081515,466503,64,150081515,466503,108564,150081515,466503,
0,156209338,297607,64,156209338,297607,392,156209338,297607,2045,156209338,297607,1,156209338,297607,64,156209338,297607,130043,156209338,297607,
0,157507181,-491446,64,157507181,-491446,392,157507181,-491446,2045,157507181,-491446,1,157507181,-491446,64,157507181,-491446,129942,157507181,-491446,
0,159015862,349521,64,159015862,349521,392,159015862,349521,2045,159015862,349521,1,159015862,349521,64,159015862,349521,110982,159015862,349521,
0,160365531,359730,64,160365531,359730,392,160365531,359730,2045,160365531,359730,1,160365531,359730,64,160365531,359730,111073,160365531,359730,
0,161725376,-651263,64,161725376,-651263,392,161725376,-651263,2045,161725376,-651263,1,161725376,-651263,64,161725376,-651263,110980,161725376,-651263,
795,163074187,688100,54058,163074187,688100,7112000,163074187,688100,546944,163074187,688100,25728,163074187,688100,231552,163074187,688100,19277608,163074187,688100,0,163074187,688100,64,163074187,688100,392,163074187,688100,2045,163074187,688100,1,163074187,688100,64,163074187,688100,111178,163074187,688100,
0,169683455,-609831,64,169683455,-609831,392,169683455,-609831,2045,169683455,-609831,1,169683455,-609831,64,169683455,-609831,131202,169683455,-609831,
0,171073770,577848,64,171073770,577848,392,171073770,577848,2045,171073770,577848,1,171073770,577848,64,171073770,577848,127694,171073770,577848,
4,172651690,-533962,64,172651690,-533962,392,172651690,-533962,2045,172651690,-533962,1,172651690,-533962,64,172651690,-533962,112636,172651690,-533962,
4,174117801,445983,64,174117801,445983,392,174117801,445983,2045,174117801,445983,1,174117801,445983,64,174117801,445983,112499,174117801,445983,
4,175563896,-493550,64,175563896,-493550,392,175563896,-493550,2045,175563896,-493550,1,175563896,-493550,64,175563896,-493550,112410,175563896,-493550,
795,177070424,-65694,53923,177070424,-65694,7112000,177070424,-65694,546944,177070424,-65694,25728,177070424,-65694,231552,177070424,-65694,19418734,177070424,-65694,4,177070424,-65694,64,177070424,-65694,392,177070424,-65694,2045,177070424,-65694,1,177070424,-65694,64,177070424,-65694,112193,177070424,-65694,
0,184157964,443350,64,184157964,443350,392,184157964,443350,2045,184157964,443350,1,184157964,443350,64,184157964,443350,106398,184157964,443350,
0,185601438,-323053,64,185601438,-323053,392,185601438,-323053,2045,185601438,-323053,1,185601438,-323053,64,185601438,-323053,106261,185601438,-323053,
0,187278488,541567,64,187278488,541567,392,187278488,541567,2045,187278488,541567,1,187278488,541567,64,187278488,541567,103899,187278488,541567,
0,188820128,-457279,64,188820128,-457279,392,188820128,-457279,2045,188820128,-457279,1,188820128,-457279,64,188820128,-457279,103912,188820128,-457279,
0,190362928,574543,64,190362928,574543,392,190362928,574543,2045,190362928,574543,1,190362928,574543,64,190362928,574543,103819,190362928,574543,
805,191937552,-871542,53900,191937552,-871542,7112000,191937552,-871542,546944,191937552,-871542,25728,191937552,-871542,231552,191937552,-871542,19513336,191937552,-871542,0,191937552,-871542,64,191937552,-871542,392,191937552,-871542,2045,191937552,-871542,1,191937552,-871542,64,191937552,-871542,103991,191937552,-871542,
0,199506762,-439875,64,199506762,-439875,392,199506762,-439875,2045,199506762,-439875,1,199506762,-439875,64,199506762,-439875,112665,199506762,-439875,
0,201067005,830049,64,201067005,830049,392,201067005,830049,2045,201067005,830049,1,201067005,830049,64,201067005,830049,107579,201067005,830049,
0,202897149,-303714,64,202897149,-303714,392,202897149,-303714,2045,202897149,-303714,1,202897149,-303714,64,202897149,-303714,104431,202897149,-303714,
0,204593562,-233279,64,204593562,-233279,392,204593562,-233279,2045,204593562,-233279,1,204593562,-233279,64,204593562,-233279,104514,204593562,-233279,
0,206360402,-346213,64,206360402,-346213,392,206360402,-346213,2045,206360402,-346213,1,206360402,-346213,64,206360402,-346213,104524,206360402,-346213,
792,208014289,333320,53956,208014289,333320,7112000,208014289,333320,546944,208014284,150249137,480189,104780,150249137,480189,
0,156366403,361214,68,156366403,361214,392,156366403,361214,2045,156366403,361214,1,156366403,361214,64,156366403,361214,130486,156366403,361214,
0,157727711,-501295,68,157727711,-501295,392,157727711,-501295,2045,157727711,-501295,1,157727711,-501295,64,157727711,-501295,130028,157727711,-501295,
0,159226514,361527,68,159226514,361527,392,159226514,361527,2045,159226514,361527,1,159226514,361527,64,159226514,361527,111509,159226514,361527,
0,160588137,348956,68,160588137,348956,392,160588137,348956,2045,160588137,348956,1,160588137,348956,64,160588137,348956,111561,160588137,348956,
0,161937169,-642255,68,161937169,-642255,392,161937169,-642255,2045,161937169,-642255,1,161937169,-642255,64,161937169,-642255,111547,161937169,-642255,
804,163294987,701730,53981,163294987,701730,7112000,163294987,701730,546944,163294987,701730,25728,163294987,701730,231552,163294987,701730,19553762,163294987,701730,0,163294987,701730,68,163294987,701730,392,163294987,701730,2045,163294987,701730,1,163294987,701730,64,163294987,701730,111453,163294987,701730,
4,169963624,-570839,68,169963624,-570839,392,169963624,-570839,2045,169963624,-570839,1,169963624,-570839,64,169963624,-570839,128282,169963624,-570839,
4,171392914,585532,68,171392914,585532,392,171392914,585532,2045,171392914,585532,1,171392914,585532,64,171392914,585532,119408,171392914,585532,
0,172978587,-546646,68,172978587,-546646,392,172978587,-546646,2045,172978587,-546646,1,172978587,-546646,64,172978587,-546646,109259,172978587,-546646,
0,174432021,456742,68,174432021,456742,392,174432021,456742,2045,174432021,456742,1,174432021,456742,64,174432021,456742,109301,174432021,456742,
0,175888834,-498530,68,175888834,-498530,392,175888834,-498530,2045,175888834,-498530,1,175888834,-498530,64,175888834,-498530,109400,175888834,-498530,
818,177390380,-49188,53245,177390380,-49188,7112000,177390380,-49188,546944,177390380,-49188,25728,177390380,-49188,231552,177390380,-49188,19393462,177390380,-49188,0,177390380,-49188,68,177390380,-49188,392,177390380,-49188,2045,177390380,-49188,1,177390380,-49188,64,177390380,-49188,109297,177390380,-49188,
0,184474653,521428,68,184474653,521428,392,184474653,521428,2045,184474653,521428,1,184474653,521428,64,184474653,521428,110337,184474653,521428,
0,185996213,-322911,68,185996213,-322911,392,185996213,-322911,2045,185996213,-322911,1,185996213,-322911,64,185996213,-322911,110486,185996213,-322911,
0,187673375,-462144,68,187673375,-462144,392,187673375,-462144,2045,187673375,-462144,1,187673375,-462144,64,187673375,-462144,107860,187673375,-462144,
0,189211354,549783,68,189211354,549783,392,189211354,549783,2045,189211354,549783,1,189211354,549783,64,189211354,549783,108024,189211354,549783,
0,190761252,-438468,68,190761252,-438468,392,190761252,-438468,2045,190761252,-438468,1,190761252,-438468,64,190761252,-438468,107852,190761252,-438468,
804,192322860,170155,53270,192322860,170155,7112000,192322860,170155,546944,192322860,170155,25728,192322860,170155,231552,192322860,170155,19507598,192322860,170155,0,192322860,170155,68,192322860,170155,392,192322860,170155,2045,192322860,170155,1,192322860,170155,64,192322860,170155,108340,192322860,170155,
0,199940478,-364292,68,199940478,-364292,392,199940478,-364292,2045,199940478,-364292,1,199940478,-364292,64,199940478,-364292,108347,199940478,-364292,
0,201576306,-163389,68,201576306,-163389,392,201576306,-163389,2045,201576306,-163389,1,201576306,-163389,64,201576306,-163389,105936,201576306,-163389,
0,203412992,-301656,68,203412992,-301656,392,203412992,-301656,2045,203412992,-301656,1,203412992,-301656,64,203412992,-301656,104383,203412992,-301656,
0,205111446,744519,68,205111446,744519,392,205111446,744519,2045,205111446,744519,1,205111446,744519,64,205111446,744519,104490,205111446,744519,
0,206856091,-341851,68,206856091,-341851,392,206856091,-341851,2045,206856091,-341851,1,206856091,-341851,64,206856091,-341851,104391,206856091,-341851,
820,208514363,390114,53388,208514363,390114,7112000,208514363,390114,546944,208514363,390114,25728,208514363,39093880,484127,64,150293880,484127,106590,150293880,484127,
4,156405359,369862,68,156405359,369862,392,156405359,369862,2045,156405359,369862,1,156405359,369862,64,156405359,369862,114063,156405359,369862,
4,157775313,-493831,68,157775313,-493831,392,157775313,-493831,2045,157775313,-493831,1,157775313,-493831,64,157775313,-493831,114140,157775313,-493831,
0,159281556,360570,68,159281556,360570,392,159281556,360570,2045,159281556,360570,1,159281556,360570,64,159281556,360570,104486,159281556,360570,
0,160642217,347981,68,160642217,347981,392,160642217,347981,2045,160642217,347981,1,160642217,347981,64,160642217,347981,104492,160642217,347981,
0,161990430,-637553,68,161990430,-637553,392,161990430,-637553,2045,161990430,-637553,1,161990430,-637553,64,161990430,-637553,104456,161990430,-637553,
798,163352955,-299902,54056,163352955,-299902,7112000,163352955,-299902,546944,163352955,-299902,25728,163352955,-299902,231552,163352955,-299902,19455446,163352955,-299902,0,163352955,-299902,68,163352955,-299902,392,163352955,-299902,2045,163352955,-299902,1,163352955,-299902,64,163352955,-299902,104457,163352955,-299902,
0,170011121,436423,68,170011121,436423,392,170011121,436423,2045,170011121,436423,1,170011121,436423,64,170011121,436423,114513,170011121,436423,
0,171447639,-403732,68,171447639,-403732,392,171447639,-403732,2045,171447639,-403732,1,171447639,-403732,64,171447639,-403732,110086,171447639,-403732,
4,173044012,450293,68,173044012,450293,392,173044012,450293,2045,173044012,450293,1,173044012,450293,64,173044012,450293,105151,173044012,450293,
4,174494405,458369,68,174494405,458369,392,174494405,458369,2045,174494405,458369,1,174494405,458369,64,174494405,458369,105335,174494405,458369,
4,175952850,-497535,68,175952850,-497535,392,175952850,-497535,2045,175952850,-497535,1,175952850,-497535,64,175952850,-497535,105174,175952850,-497535,
816,177455456,-44229,53345,177455456,-44229,7112000,177455456,-44229,546944,177455456,-44229,25728,177455456,-44229,231552,177455456,-44229,19290680,177455456,-44229,4,177455456,-44229,68,177455456,-44229,392,177455456,-44229,2045,177455456,-44229,1,177455456,-44229,64,177455456,-44229,105380,177455456,-44229,
0,184537260,-489822,64,184537260,-489822,392,184537260,-489822,2045,184537260,-489822,1,184537260,-489822,64,184537260,-489822,110577,184537260,-489822,
0,186047687,681590,64,186047687,681590,392,186047687,681590,2045,186047687,681590,1,186047687,681590,64,186047687,681590,110610,186047687,681590,
4,187729368,-461980,64,187729368,-461980,392,187729368,-461980,2045,187729368,-461980,1,187729368,-461980,64,187729368,-461980,108391,187729368,-461980,
4,189267483,549644,64,189267483,549644,392,189267483,549644,2045,189267483,549644,1,189267483,549644,64,189267483,549644,107724,189267483,549644,
4,190817224,-428228,64,190817224,-428228,392,190817224,-428228,2045,190817224,-428228,1,190817224,-428228,64,190817224,-428228,108157,190817224,-428228,
826,192389267,173878,53997,192389267,173878,7112000,192389267,173878,546944,192389267,173878,25728,192389267,173878,231552,192389267,173878,19501781,192389267,173878,4,192389267,173878,64,192389267,173878,392,192389267,173878,2045,192389267,173878,1,192389267,173878,64,192389267,173878,108174,192389267,173878,
4,200000571,648007,68,200000571,648007,392,200000571,648007,2045,200000571,648007,1,200000571,648007,64,200000571,648007,108413,200000571,648007,
4,201648745,-158304,68,201648745,-158304,392,201648745,-158304,2045,201648745,-158304,1,201648745,-158304,64,201648745,-158304,100828,201648745,-158304,
0,203490588,-302073,68,203490588,-302073,392,203490588,-302073,2045,203490588,-302073,1,203490588,-302073,64,203490588,-302073,100684,203490588,-302073,
0,205188609,739905,68,205188609,739905,392,205188609,739905,2045,205188609,739905,1,205188609,739905,64,205188609,739905,100620,205188609,739905,
0,206928651,-340794,68,206928651,-340794,392,206928651,-340794,2045,206928651,-340794,1,206928651,-340794,64,206928651,-340794,100705,206928651,-340794,
825,208587952,395359,53308,208587952,395359,7112000,208587952,395359,546944,208587952,395359,25728,1,150362186,493242,64,150362186,493242,106750,150362186,493242,
0,156442986,383018,68,156442986,383018,392,156442986,383018,2045,156442986,383018,1,156442986,383018,64,156442986,383018,116101,156442986,383018,
0,157826128,-492095,68,157826128,-492095,392,157826128,-492095,2045,157826128,-492095,1,157826128,-492095,64,157826128,-492095,106824,157826128,-492095,
0,159334131,360948,68,159334131,360948,392,159334131,360948,2045,159334131,360948,1,159334131,360948,64,159334131,360948,106784,159334131,360948,
0,160695174,-651674,68,160695174,-651674,392,160695174,-651674,2045,160695174,-651674,1,160695174,-651674,64,160695174,-651674,106826,160695174,-651674,
0,162043577,361767,68,162043577,361767,392,162043577,361767,2045,162043577,361767,1,162043577,361767,64,162043577,361767,106773,162043577,361767,
817,163405453,-290885,53222,163405453,-290885,7112000,163405453,-290885,546944,163405453,-290885,25728,163405453,-290885,231552,163405453,-290885,19413298,163405453,-290885,0,163405453,-290885,68,163405453,-290885,392,163405453,-290885,2045,163405453,-290885,1,163405453,-290885,64,163405453,-290885,106705,163405453,-290885,
4,170083149,446684,68,170083149,446684,392,170083149,446684,2045,170083149,446684,1,170083149,446684,64,170083149,446684,130169,170083149,446684,
4,171529933,-400640,68,171529933,-400640,392,171529933,-400640,2045,171529933,-400640,1,171529933,-400640,64,171529933,-400640,120891,171529933,-400640,
0,173129390,447700,68,173129390,447700,392,173129390,447700,2045,173129390,447700,1,173129390,447700,64,173129390,447700,111478,173129390,447700,
0,174577185,-537773,68,174577185,-537773,392,174577185,-537773,2045,174577185,-537773,1,174577185,-537773,64,174577185,-537773,111260,174577185,-537773,
0,176039491,501863,68,176039491,501863,392,176039491,501863,2045,176039491,501863,1,176039491,501863,64,176039491,501863,111347,176039491,501863,
805,177541428,-38766,53943,177541428,-38766,7112000,177541428,-38766,546944,177541428,-38766,25728,177541428,-38766,231552,177541428,-38766,19371239,177541428,-38766,0,177541428,-38766,68,177541428,-38766,392,177541428,-38766,2045,177541428,-38766,1,177541428,-38766,64,177541428,-38766,111192,177541428,-38766,
0,184594846,-465524,68,184594846,-465524,392,184594846,-465524,2045,184594846,-465524,1,184594846,-465524,64,184594846,-465524,117379,184594846,-465524,
0,186129397,676077,68,186129397,676077,392,186129397,676077,2045,186129397,676077,1,186129397,676077,64,186129397,676077,112240,186129397,676077,
4,187805551,-459380,68,187805551,-459380,392,187805551,-459380,2045,187805551,-459380,1,187805551,-459380,64,187805551,-459380,112313,187805551,-459380,
4,189346288,548210,68,189346288,548210,392,189346288,548210,2045,189346288,548210,1,189346288,548210,64,189346288,548210,112241,189346288,548210,
4,190894572,-421390,68,190894572,-421390,392,190894572,-421390,2045,190894572,-421390,1,190894572,-421390,64,190894572,-421390,112154,190894572,-421390,
821,192473262,184236,54149,192473262,184236,7112000,192473262,184236,546944,192473262,184236,25728,192473262,184236,231552,192473262,184236,19382591,192473262,184236,4,192473262,184236,68,192473262,184236,392,192473262,184236,2045,192473262,184236,1,192473262,184236,64,192473262,184236,112200,192473262,184236,
4,200068712,662409,68,200068712,662409,392,200068712,662409,2045,200068712,662409,1,200068712,662409,64,200068712,662409,107556,200068712,662409,
4,201731238,-160405,68,201731238,-160405,392,201731238,-160405,2045,201731238,-160405,1,201731238,-160405,64,201731238,-160405,104364,201731238,-160405,
0,203570969,-304173,68,203570969,-304173,392,203570969,-304173,2045,203570969,-304173,1,203570969,-304173,64,203570969,-304173,104123,203570969,-304173,
0,205266869,-260397,68,205266869,-260397,392,205266869,-260397,2045,205266869,-260397,1,205266869,-260397,64,205266869,-260397,104048,205266869,-260397,
0,207006547,660274,68,207006547,660274,392,207006547,660274,2045,207006547,660274,1,207006547,660274,64,207006547,660274,103998,207006547,660274,
801,208666935,-587565,54085,208666935,-587565,7112000,208666935,-587565,546944,208666935,-50400169,507530,1,150400169,507530,64,150400169,507530,108227,150400169,507530,
0,156478413,394639,68,156478413,394639,392,156478413,394639,2045,156478413,394639,1,156478413,394639,64,156478413,394639,117022,156478413,394639,
0,157873180,-490403,68,157873180,-490403,392,157873180,-490403,2045,157873180,-490403,1,157873180,-490403,64,157873180,-490403,107804,157873180,-490403,
0,159382871,360650,68,159382871,360650,392,159382871,360650,2045,159382871,360650,1,159382871,360650,64,159382871,360650,107915,159382871,360650,
0,160743594,-651531,68,160743594,-651531,392,160743594,-651531,2045,160743594,-651531,1,160743594,-651531,64,160743594,-651531,107872,160743594,-651531,
0,162092150,360563,68,162092150,360563,392,162092150,360563,2045,162092150,360563,1,162092150,360563,64,162092150,360563,107682,162092150,360563,
803,163452787,-287962,54039,163452787,-287962,7112000,163452787,-287962,546944,163452787,-287962,25728,163452787,-287962,231552,163452787,-287962,19508586,163452787,-287962,0,163452787,-287962,68,163452787,-287962,392,163452787,-287962,2045,163452787,-287962,1,163452787,-287962,64,163452787,-287962,107793,163452787,-287962,
0,170096744,454839,68,170096744,454839,392,170096744,454839,2045,170096744,454839,1,170096744,454839,64,170096744,454839,117120,170096744,454839,
0,171551662,-401781,68,171551662,-401781,392,171551662,-401781,2045,171551662,-401781,1,171551662,-401781,64,171551662,-401781,107355,171551662,-401781,
4,173149977,446857,68,173149977,446857,392,173149977,446857,2045,173149977,446857,1,173149977,446857,64,173149977,446857,107253,173149977,446857,
4,174596951,-537198,68,174596951,-537198,392,174596951,-537198,2045,174596951,-537198,1,174596951,-537198,64,174596951,-537198,107215,174596951,-537198,
4,176059850,501800,68,176059850,501800,392,176059850,501800,2045,176059850,501800,1,176059850,501800,64,176059850,501800,107299,176059850,501800,
816,177561729,-34326,53968,177561729,-34326,7112000,177561729,-34326,546944,177561729,-34326,25728,177561729,-34326,231552,177561729,-34326,19277422,177561729,-34326,4,177561729,-34326,68,177561729,-34326,392,177561729,-34326,2045,177561729,-34326,1,177561729,-34326,64,177561729,-34326,107289,177561729,-34326,
0,184608163,-458063,68,184608163,-458063,392,184608163,-458063,2045,184608163,-458063,1,184608163,-458063,64,184608163,-458063,106771,184608163,-458063,
0,186150198,673109,68,186150198,673109,392,186150198,673109,2045,186150198,673109,1,186150198,673109,64,186150198,673109,104292,186150198,673109,
0,187823420,-459543,68,187823420,-459543,392,187823420,-459543,2045,187823420,-459543,1,187823420,-459543,64,187823420,-459543,105406,187823420,-459543,
0,189363974,549438,68,189363974,549438,392,189363974,549438,2045,189363974,549438,1,189363974,549438,64,189363974,549438,104111,189363974,549438,
0,190913512,-419223,68,190913512,-419223,392,190913512,-419223,2045,190913512,-419223,1,190913512,-419223,64,190913512,-419223,104193,190913512,-419223,
817,192494419,178080,54038,192494419,178080,7112000,192494419,178080,546944,192494419,178080,25728,192494419,178080,231552,192494419,178080,19408723,192494419,178080,0,192494419,178080,68,192494419,178080,392,192494419,178080,2045,192494419,178080,1,192494419,178080,64,192494419,178080,104169,192494419,178080,
0,200079891,671283,68,200079891,671283,392,200079891,671283,2045,200079891,671283,1,200079891,671283,64,200079891,671283,102047,200079891,671283,
0,201751353,-164171,68,201751353,-164171,392,201751353,-164171,2045,201751353,-164171,1,201751353,-164171,64,201751353,-164171,100725,201751353,-164171,
0,203587294,-303905,68,203587294,-303905,392,203587294,-303905,2045,203587294,-303905,1,203587294,-303905,64,203587294,-303905,100867,203587294,-303905,
0,205283507,-259771,68,205283507,-259771,392,205283507,-259771,2045,205283507,-259771,1,205283507,-259771,64,205283507,-259771,100912,205283507,-259771,
0,207023821,660388,68,207023821,660388,392,207023821,660388,2045,207023821,660388,1,207023821,660388,64,207023821,660388,100674,207023821,660388,
822,208684318,-592910,54197,208684318,-592910,7112000,208684318,-592910,5469450411553,508822,1,150411553,508822,64,150411553,508822,109754,150411553,508822,
0,156498425,395154,68,156498425,395154,392,156498425,395154,2045,156498425,395154,1,156498425,395154,64,156498425,395154,114994,156498425,395154,
0,157893662,-486033,68,157893662,-486033,392,157893662,-486033,2045,157893662,-486033,1,157893662,-486033,64,157893662,-486033,105863,157893662,-486033,
0,159407722,359048,68,159407722,359048,392,159407722,359048,2045,159407722,359048,1,159407722,359048,64,159407722,359048,105773,159407722,359048,
0,160766864,-650698,68,160766864,-650698,392,160766864,-650698,2045,160766864,-650698,1,160766864,-650698,64,160766864,-650698,105945,160766864,-650698,
0,162116241,359828,68,162116241,359828,392,162116241,359828,2045,162116241,359828,1,162116241,359828,64,162116241,359828,105873,162116241,359828,
804,163476146,-273562,53997,163476146,-273562,7112000,163476146,-273562,546944,163476146,-273562,25728,163476146,-273562,231552,163476146,-273562,19345209,163476146,-273562,0,163476146,-273562,68,163476146,-273562,392,163476146,-273562,2045,163476146,-273562,1,163476146,-273562,64,163476146,-273562,106148,163476146,-273562,
0,170107647,457841,68,170107647,457841,392,170107647,457841,2045,170107647,457841,1,170107647,457841,64,170107647,457841,115625,170107647,457841,
0,171565562,-398599,68,171565562,-398599,392,171565562,-398599,2045,171565562,-398599,1,171565562,-398599,64,171565562,-398599,106299,171565562,-398599,
4,173167079,446185,68,173167079,446185,392,173167079,446185,2045,173167079,446185,1,173167079,446185,64,173167079,446185,106367,173167079,446185,
4,174613360,-535135,68,174613360,-535135,392,174613360,-535135,2045,174613360,-535135,1,174613360,-535135,64,174613360,-535135,106480,174613360,-535135,
4,176078301,501645,68,176078301,501645,392,176078301,501645,2045,176078301,501645,1,176078301,501645,64,176078301,501645,106183,176078301,501645,
807,177580044,-25034,53877,177580044,-25034,7112000,177580044,-25034,546944,177580044,-25034,25728,177580044,-25034,231552,177580044,-25034,19373015,177580044,-25034,4,177580044,-25034,68,177580044,-25034,392,177580044,-25034,2045,177580044,-25034,1,177580044,-25034,64,177580044,-25034,106403,177580044,-25034,
0,184618279,-453316,64,184618279,-453316,392,184618279,-453316,2045,184618279,-453316,1,184618279,-453316,64,184618279,-453316,117180,184618279,-453316,
0,186165042,674759,64,186165042,674759,392,186165042,674759,2045,186165042,674759,1,186165042,674759,64,186165042,674759,112100,186165042,674759,
4,187839907,-459365,64,187839907,-459365,392,187839907,-459365,2045,187839907,-459365,1,187839907,-459365,64,187839907,-459365,111990,187839907,-459365,
4,189380681,549931,64,189380681,549931,392,189380681,549931,2045,189380681,549931,1,189380681,549931,64,189380681,549931,112024,189380681,549931,
4,190930727,-420498,64,190930727,-420498,392,190930727,-420498,2045,190930727,-420498,1,190930727,-420498,64,190930727,-420498,111894,190930727,-420498,
986,192510337,185513,53879,192510337,185513,7112000,192510337,185513,546944,192510337,185513,25728,192510337,185513,231552,192510337,185513,19365550,192510337,185513,4,192510337,185513,64,192510337,185513,392,192510337,185513,2045,192510337,185513,1,192510337,185513,64,192510337,185513,112050,192510337,185513,
0,200096768,671480,64,200096768,671480,392,200096768,671480,2045,200096768,671480,1,200096768,671480,64,200096768,671480,102014,200096768,671480,
0,201768345,-160106,64,201768345,-160106,392,201768345,-160106,2045,201768345,-160106,1,201768345,-160106,64,201768345,-160106,100389,201768345,-160106,
4,203608359,-303824,64,203608359,-303824,392,203608359,-303824,2045,203608359,-303824,1,203608359,-303824,64,203608359,-303824,100554,203608359,-303824,
4,205304751,-260294,64,205304751,-260294,392,205304751,-260294,2045,205304751,-260294,1,205304751,-260294,64,205304751,-260294,100889,205304751,-260294,
4,207044560,659611,64,207044560,659611,392,207044560,659611,2045,207044560,659611,1,207044560,659611,64,207044560,659611,100843,207044560,659611,
821,208704248,-585728,53485,208704248,-585728,7112000,208704248,-585728,546944,208704248,-585728,25728,208704248,-585728,231552,208704248,-585728,19692009,208704248,-585728,4,208704248,-585728,64,208704248,-585728,392,208704248,-585728,2045,208704248,-585728,1,208704248,-585728,64,208704248,-585728,100839,208704248,-585728,
8,216521999,-271936,0,216521999,-271936,392,216521999,-271936,2045,216521999,-271936,1,216521999,-271936,64,216521999,-271936,311551,216521999,-271936,
0,218250139,734392,64,218250139,734392,392,218250139,734392,2045,218250139,734392,1,218250139,734392,64,218250139,734392,100753,218250139,734392,
0,219984666,-263161,64,219984666,-263161,392,219984666,-263161,2045,219984666,-263161,1,219984666,-263161,64,219984666,-263161,100576,219984666,-263161,
4,221721623,-252910,64,221721623,-252910,392,221721623,-252910,2045,221721623,-252910,1,221721623,-252910,64,221721623,-252910,100788,221721623,-252910,
4,223468805,-303017,64,223468805,-303017,392,223468805,-303017,2045,223468805,-303017,1,223468805,-303017,64,223468805,-303017,100781,223468805,-303017,
919,225165904,528009,53403,225165904,528009,7112000,225165904,528009,546944,225165904,528009,25728,225165904,528009,231552,225165904,528009,19761377,225165904,528009,4,225165904,528009,64,225165904,528009,392,225165904,528009,2045,225165904,528009,1,225165904,528009,64,225165904,528009,100668,225165904,528009,
8,228874128,-469320,0,228874128,-469320,392,228874128,-469320,2045,228874128,-469320,1,228874128,-469320,64,228874128,-469320,383319,228874128,-469320,
8,231404919,218176,0,231404919,218176,392,231404919,218176,2045,231404919,218176,1,231404919,218176,64,231404919,218176,211675,231404919,218176,
8,232623240,-539821,0,232623240,-539821,392,232623240,-539821,2045,232623240,-539821,1,232623240,-539821,64,232623240,-539821,165245,232623240,-539821,
0,234083641,728768,64,234083641,728768,392,234083641,728768,2045,234083641,728768,1,234083641,728768,64,234083641,728768,102082,234083641,728768,
0,235812538,-254855,64,235812538,-254855,392,235812538,-254855,2045,235812538,-254855,1,235812538,-254855,64,235812538,-254855,100870,235812538,-254855,
803,237557762,-508734,54245,237557762,-508734,7112000,237557762,-508734,546944,237557762,-508734,25728,237557762,-508734,231552,237557762,-508734,20165247,237557762,-508734,0,237557762,-508734,64,237557762,-508734,392,237557762,-508734,2045,237557762,-508734,1,237557762,-508734,64,237557762,-508734,100668,237557762,-508734,
9,333320,25728,208014289,333320,231552,208014289,333320,19511414,208014289,333320,0,208014289,333320,64,208014289,333320,392,208014289,333320,2045,208014289,333320,1,208014289,333320,64,208014289,333320,104565,208014289,333320,
96,215922001,-809042,0,215922001,-809042,392,215922001,-809042,2045,215922001,-809042,1,215922001,-809042,64,215922001,-809042,166947,215922001,-809042,
0,217113078,877545,64,217113078,877545,392,217113078,877545,2045,217113078,877545,1,217113078,877545,64,217113078,877545,108205,217113078,877545,
0,218990756,-278717,64,218990756,-278717,392,218990756,-278717,2045,218990756,-278717,1,218990756,-278717,64,218990756,-278717,102123,218990756,-278717,
0,220712165,-258175,64,220712165,-258175,392,220712165,-258175,2045,220712165,-258175,1,220712165,-258175,64,220712165,-258175,102143,220712165,-258175,
0,222454088,-269581,64,222454088,-269581,392,222454088,-269581,2045,222454088,-269581,1,222454088,-269581,64,222454088,-269581,101943,222454088,-269581,
804,224184587,413262,54487,224184587,413262,7112000,224184587,413262,546944,224184587,413262,25728,224184587,413262,231552,224184587,413262,20068862,224184587,413262,0,224184587,413262,64,224184587,413262,392,224184587,413262,2045,224184587,413262,1,224184587,413262,64,224184587,413262,102239,224184587,413262,
0,232431222,320455,0,232431222,320455,392,232431222,320455,2045,232431222,320455,1,232431222,320455,64,232431222,320455,319044,232431222,320455,
0,233751805,-298302,64,233751805,-298302,392,233751805,-298302,2045,233751805,-298302,1,233751805,-298302,64,233751805,-298302,108032,233751805,-298302,
0,235453581,-245750,64,235453581,-245750,392,235453581,-245750,2045,235453581,-245750,1,235453581,-245750,64,235453581,-245750,102077,235453581,-245750,
0,237207935,744500,64,237207935,744500,392,237207935,744500,2045,237207935,744500,1,237207935,744500,64,237207935,744500,101477,237207935,744500,
0,238952569,-258903,64,238952569,-258903,392,238952569,-258903,2045,238952569,-258903,1,238952569,-258903,64,238952569,-258903,102120,238952569,-258903,
807,240693770,123499,54287,240693770,123499,7112000,240693770,123499,546944,240693770,123499,25728,240693770,123499,231552,240693770,123499,19620302,240693770,123499,4,240693770,123499,0,240693770,123499,392,240693770,123499,2045,240693770,123499,1,240693770,123499,64,240693770,123499,168612,240693770,123499,
,208587952,395359,231552,208587952,395359,19539961,208587952,395359,0,208587952,395359,68,208587952,395359,392,208587952,395359,2045,208587952,395359,1,208587952,395359,64,208587952,395359,100847,208587952,395359,
4,216442937,-419704,0,216442937,-419704,392,216442937,-419704,2045,216442937,-419704,1,216442937,-419704,64,216442937,-419704,456694,216442937,-419704,
4,218023350,738254,64,218023350,738254,392,218023350,738254,2045,218023350,738254,1,218023350,738254,64,218023350,738254,103977,218023350,738254,
4,219761708,-269608,64,219761708,-269608,392,219761708,-269608,2045,219761708,-269608,1,219761708,-269608,64,219761708,-269608,100908,219761708,-269608,
0,221492217,-243541,64,221492217,-243541,392,221492217,-243541,2045,221492217,-243541,1,221492217,-243541,64,221492217,-243541,100656,221492217,-243541,
0,223248769,693952,64,223248769,693952,392,223248769,693952,2045,223248769,693952,1,223248769,693952,64,223248769,693952,100927,223248769,693952,
808,224942795,-515747,54037,224942795,-515747,7112000,224942795,-515747,546944,224942795,-515747,25728,224942795,-515747,231552,224942795,-515747,19640372,224942795,-515747,0,224942795,-515747,64,224942795,-515747,392,224942795,-515747,2045,224942795,-515747,1,224942795,-515747,64,224942795,-515747,100754,224942795,-515747,
0,232791231,-373631,0,232791231,-373631,392,232791231,-373631,2045,232791231,-373631,1,232791231,-373631,64,232791231,-373631,401143,232791231,-373631,
0,234417681,-245169,64,234417681,-245169,392,234417681,-245169,2045,234417681,-245169,1,234417681,-245169,64,234417681,-245169,103719,234417681,-245169,
0,236172617,717249,64,236172617,717249,392,236172617,717249,2045,236172617,717249,1,236172617,717249,64,236172617,717249,100848,236172617,717249,
0,237889991,-247874,64,237889991,-247874,392,237889991,-247874,2045,237889991,-247874,1,237889991,-247874,64,237889991,-247874,100736,237889991,-247874,
0,239642212,-289880,64,239642212,-289880,392,239642212,-289880,2045,239642212,-289880,1,239642212,-289880,64,239642212,-289880,100893,239642212,-289880,
811,241352439,25985,53870,241352439,25985,7112000,241352439,25985,546944,241352439,25985,25728,241352439,25985,231552,241352439,25985,19809455,241352439,25985,0,241352439,25985,0,241352439,25985,392,241352439,25985,2045,241352439,25985,1,241352439,25985,64,241352439,25985,166531,241352439,25985,
114,231552,208514363,390114,19524107,208514363,390114,0,208514363,390114,68,208514363,390114,392,208514363,390114,2045,208514363,390114,1,208514363,390114,64,208514363,390114,104281,208514363,390114,
0,216450103,-400687,0,216450103,-400687,392,216450103,-400687,2045,216450103,-400687,1,216450103,-400687,64,216450103,-400687,353429,216450103,-400687,
0,218049519,736132,68,218049519,736132,392,218049519,736132,2045,218049519,736132,1,218049519,736132,64,218049519,736132,106066,218049519,736132,
0,219785720,-273343,68,219785720,-273343,392,219785720,-273343,2045,219785720,-273343,1,219785720,-273343,64,219785720,-273343,104408,219785720,-273343,
0,221512479,-238314,68,221512479,-238314,392,221512479,-238314,2045,221512479,-238314,1,221512479,-238314,64,221512479,-238314,104326,221512479,-238314,
0,223274266,693897,68,223274266,693897,392,223274266,693897,2045,223274266,693897,1,223274266,693897,64,223274266,693897,104301,223274266,693897,
821,224968390,-515774,53345,224968390,-515774,7112000,224968390,-515774,546944,224968390,-515774,25728,224968390,-515774,231552,224968390,-515774,19636208,224968390,-515774,0,224968390,-515774,68,224968390,-515774,392,224968390,-515774,2045,224968390,-515774,1,224968390,-515774,64,224968390,-515774,104456,224968390,-515774,
4,232853582,-336400,0,232853582,-336400,392,232853582,-336400,2045,232853582,-336400,1,232853582,-336400,64,232853582,-336400,322423,232853582,-336400,
4,234517277,-250213,64,234517277,-250213,392,234517277,-250213,2045,234517277,-250213,1,234517277,-250213,64,234517277,-250213,105969,234517277,-250213,
4,236267142,716938,64,236267142,716938,392,236267142,716938,2045,236267142,716938,1,236267142,716938,64,236267142,716938,104476,236267142,716938,
4,237984193,-242484,64,237984193,-242484,392,237984193,-242484,2045,237984193,-242484,1,237984193,-242484,64,237984193,-242484,104260,237984193,-242484,
0,239741780,-292452,64,239741780,-292452,392,239741780,-292452,2045,239741780,-292452,1,239741780,-292452,64,239741780,-292452,104782,239741780,-292452,
820,241449466,6243,53441,241449466,6243,7112000,241449466,6243,546944,241449466,6243,25728,241449466,6243,231552,241449466,6243,19311925,241449466,6243,0,241449466,6243,0,241449466,6243,392,241449466,6243,2045,241449466,6243,1,241449466,6243,64,241449466,6243,165772,241449466,6243,
4,208684318,-592910,25728,208684318,-592910,231552,208684318,-592910,19457807,208684318,-592910,0,208684318,-592910,68,208684318,-592910,392,208684318,-592910,2045,208684318,-592910,1,208684318,-592910,64,208684318,-592910,100786,208684318,-592910,
8,216478555,-344387,0,216478555,-344387,392,216478555,-344387,2045,216478555,-344387,1,216478555,-344387,64,216478555,-344387,364572,216478555,-344387,
0,218134381,739938,68,218134381,739938,392,218134381,739938,2045,218134381,739938,1,218134381,739938,64,218134381,739938,101920,218134381,739938,
0,219874437,-267123,68,219874437,-267123,392,219874437,-267123,2045,219874437,-267123,1,219874437,-267123,64,219874437,-267123,100888,219874437,-267123,
0,221607390,-247159,68,221607390,-247159,392,221607390,-247159,2045,221607390,-247159,1,221607390,-247159,64,221607390,-247159,100807,221607390,-247159,
0,223360357,-308689,68,223360357,-308689,392,223360357,-308689,2045,223360357,-308689,1,223360357,-308689,64,223360357,-308689,100597,223360357,-308689,
809,225051770,487418,53724,225051770,487418,7112000,225051770,487418,546944,225051770,487418,25728,225051770,487418,231552,225051770,487418,19753342,225051770,487418,0,225051770,487418,68,225051770,487418,392,225051770,487418,2045,225051770,487418,1,225051770,487418,64,225051770,487418,100876,225051770,487418,
8,232907613,-309810,0,232907613,-309810,392,232907613,-309810,2045,232907613,-309810,1,232907613,-309810,64,232907613,-309810,317332,232907613,-309810,
0,234597902,-250688,68,234597902,-250688,392,234597902,-250688,2045,234597902,-250688,1,234597902,-250688,64,234597902,-250688,102275,234597902,-250688,
0,236347309,-284297,68,236347309,-284297,392,236347309,-284297,2045,236347309,-284297,1,236347309,-284297,64,236347309,-284297,100834,236347309,-284297,
0,238063091,761203,68,238063091,761203,392,238063091,761203,2045,238063091,761203,1,238063091,761203,64,238063091,761203,100743,238063091,761203,
4,239824422,-288432,68,239824422,-288432,392,239824422,-288432,2045,239824422,-288432,1,239824422,-288432,64,239824422,-288432,100607,239824422,-288432,
816,241536134,-24938,53913,241536134,-24938,7112000,241536134,-24938,546944,241536134,-24938,25728,241536134,-24938,231552,241536134,-24938,19298737,241536134,-24938,7,241536134,-24938,0,241536134,-24938,392,241536134,-24938,2045,241536134,-24938,1,241536134,-24938,64,241536134,-24938,147141,241536134,-24938,
87565,25728,208666935,-587565,231552,208666935,-587565,19408060,208666935,-587565,0,208666935,-587565,68,208666935,-587565,392,208666935,-587565,2045,208666935,-587565,1,208666935,-587565,64,208666935,-587565,104038,208666935,-587565,
4,216505058,-293205,0,216505058,-293205,392,216505058,-293205,2045,216505058,-293205,1,216505058,-293205,64,216505058,-293205,313566,216505058,-293205,
4,218211934,735107,68,218211934,735107,392,218211934,735107,2045,218211934,735107,1,218211934,735107,64,218211934,735107,105432,218211934,735107,
4,219947133,-262115,68,219947133,-262115,392,219947133,-262115,2045,219947133,-262115,1,219947133,-262115,64,219947133,-262115,104326,219947133,-262115,
0,221685136,-250977,68,221685136,-250977,392,221685136,-250977,2045,221685136,-250977,1,221685136,-250977,64,221685136,-250977,103748,221685136,-250977,
0,223434233,-304224,68,223434233,-304224,392,223434233,-304224,2045,223434233,-304224,1,223434233,-304224,64,223434233,-304224,104300,223434233,-304224,
818,225130219,519596,54089,225130219,519596,7112000,225130219,519596,546944,225130219,519596,25728,225130219,519596,231552,225130219,519596,19685610,225130219,519596,0,225130219,519596,68,225130219,519596,392,225130219,519596,2045,225130219,519596,1,225130219,519596,64,225130219,519596,104030,225130219,519596,
0,232983914,-291102,0,232983914,-291102,392,232983914,-291102,2045,232983914,-291102,1,232983914,-291102,64,232983914,-291102,324857,232983914,-291102,
0,234692912,-248332,68,234692912,-248332,392,234692912,-248332,2045,234692912,-248332,1,234692912,-248332,64,234692912,-248332,104213,234692912,-248332,
0,236444682,-288815,68,236444682,-288815,392,236444682,-288815,2045,236444682,-288815,1,236444682,-288815,64,236444682,-288815,103766,236444682,-288815,
0,238155978,763652,68,238155978,763652,392,238155978,763652,2045,238155978,763652,1,238155978,763652,64,238155978,763652,104093,238155978,763652,
0,239919730,-291940,68,239919730,-291940,392,239919730,-291940,2045,239919730,-291940,1,239919730,-291940,64,239919730,-291940,104103,239919730,-291940,
816,241627967,-62899,53244,241627967,-62899,7112000,241627967,-62899,546944,241627967,-62899,25728,241627967,-62899,231552,241627967,-62899,19780605,241627967,-62899,0,241627967,-62899,4,241627967,-62899,392,241627967,-62899,2045,241627967,-62899,1,241627967,-62899,64,241627967,-62899,206940,241627967,-62899,
