0,1668154485870649,1668154486017227,9,1668154485870649,1668154486017227,34,1668154485870649,1668154486017227,3681,1668154485870649,1668154486017227,1,1668154485870649,1668154486017227,16,1668154485870649,1668154486017227,317997,1668154485870649,1668154486017227,
4,1668154486017325,1668154486094667,9,1668154486017325,1668154486094667,34,1668154486017325,1668154486094667,3681,1668154486017325,1668154486094667,1,1668154486017325,1668154486094667,16,1668154486017325,1668154486094667,137113,1668154486017325,1668154486094667,
0,1668154486094734,1668154486165867,9,1668154486094734,1668154486165867,34,1668154486094734,1668154486165867,3681,1668154486094734,1668154486165867,1,1668154486094734,1668154486165867,16,1668154486094734,1668154486165867,137010,1668154486094734,1668154486165867,
0,1668154486165932,1668154486239009,9,1668154486165932,1668154486239009,34,1668154486165932,1668154486239009,3681,1668154486165932,1668154486239009,1,1668154486165932,1668154486239009,16,1668154486165932,1668154486239009,137384,1668154486165932,1668154486239009,
0,1668154486239101,1668154486312529,9,1668154486239101,1668154486312529,34,1668154486239101,1668154486312529,3681,1668154486239101,1668154486312529,1,1668154486239101,1668154486312529,16,1668154486239101,1668154486312529,136861,1668154486239101,1668154486312529,
0,1668154486312598,1668154486385906,9,1668154486312598,1668154486385906,34,1668154486312598,1668154486385906,3681,1668154486312598,1668154486385906,1,1668154486312598,1668154486385906,16,1668154486312598,1668154486385906,137143,1668154486312598,1668154486385906,
0,1668154486385974,1668154486458940,9,1668154486385974,1668154486458940,34,1668154486385974,1668154486458940,3681,1668154486385974,1668154486458940,1,1668154486385974,1668154486458940,16,1668154486385974,1668154486458940,137334,1668154486385974,1668154486458940,
0,1668154486459007,1668154486531033,9,1668154486459007,1668154486531033,34,1668154486459007,1668154486531033,3681,1668154486459007,1668154486531033,1,1668154486459007,1668154486531033,16,1668154486459007,1668154486531033,137099,1668154486459007,1668154486531033,
0,1668154486531111,1668154486602161,9,1668154486531111,1668154486602161,34,1668154486531111,1668154486602161,3681,1668154486531111,1668154486602161,1,1668154486531111,1668154486602161,16,1668154486531111,1668154486602161,137322,1668154486531111,1668154486602161,
4,1668154486602229,1668154486673457,9,1668154486602229,1668154486673457,34,1668154486602229,1668154486673457,3681,1668154486602229,1668154486673457,1,1668154486602229,1668154486673457,16,1668154486602229,1668154486673457,137113,1668154486602229,1668154486673457,
0,1668154486673526,1668154486889793,0,1668154486673526,1668154486889793,0,1668154486673526,1668154486889793,10752,1668154486673526,1668154486889793,0,1668154486673526,1668154486889793,0,1668154486673526,1668154486889793,218991,1668154486673526,1668154486889793,0,1668154486673526,1668154486889793,9,1668154486673526,1668154486889793,34,1668154486673526,1668154486889793,3681,1668154486673526,1668154486889793,1,1668154486673526,1668154486889793,16,1668154486673526,1668154486889793,137331,1668154486673526,1668154486889793,0,1668154486673526,1668154486889793,2,1668154486673526,1668154486889793,6,1668154486673526,1668154486889793,2320,1668154486673526,1668154486889793,1,1668154486673526,1668154486889793,2,1668154486673526,1668154486889793,245846,1668154486673526,1668154486889793,
0,1668154486889866,1668154486963465,9,1668154486889866,1668154486963465,34,1668154486889866,1668154486963465,3681,1668154486889866,1668154486963465,1,1668154486889866,1668154486963465,16,1668154486889866,1668154486963465,137482,1668154486889866,1668154486963465,
0,1668154486963570,1668154487034619,9,1668154486963570,1668154487034619,34,1668154486963570,1668154487034619,3681,1668154486963570,1668154487034619,1,1668154486963570,1668154487034619,16,1668154486963570,1668154487034619,137181,1668154486963570,1668154487034619,
0,1668154487034687,1668154487105623,9,1668154487034687,1668154487105623,34,1668154487034687,1668154487105623,3681,1668154487034687,1668154487105623,1,1668154487034687,1668154487105623,16,1668154487034687,1668154487105623,137087,1668154487034687,1668154487105623,
0,1668154487105708,1668154487176719,9,1668154487105708,1668154487176719,34,1668154487105708,1668154487176719,3681,1668154487105708,1668154487176719,1,1668154487105708,1668154487176719,16,1668154487105708,1668154487176719,138481,1668154487105708,1668154487176719,
4,1668154487176784,1668154487248996,9,1668154487176784,1668154487248996,34,1668154487176784,1668154487248996,3681,1668154487176784,1668154487248996,1,1668154487176784,1668154487248996,16,1668154487176784,1668154487248996,137194,1668154487176784,1668154487248996,
0,1668154487249065,1668154487321692,9,1668154487249065,1668154487321692,34,1668154487249065,1668154487321692,3681,1668154487249065,1668154487321692,1,1668154487249065,1668154487321692,16,1668154487249065,1668154487321692,137003,1668154487249065,1668154487321692,
0,1668154487321764,1668154487394869,9,1668154487321764,1668154487394869,34,1668154487321764,1668154487394869,3681,1668154487321764,1668154487394869,1,1668154487321764,1668154487394869,16,1668154487321764,1668154487394869,137461,1668154487321764,1668154487394869,
0,1668154487394937,1668154487468279,9,1668154487394937,1668154487468279,34,1668154487394937,1668154487468279,3681,1668154487394937,1668154487468279,1,1668154487394937,1668154487468279,16,1668154487394937,1668154487468279,137204,1668154487394937,1668154487468279,
0,1668154487468348,1668154487540096,9,1668154487468348,1668154487540096,34,1668154487468348,1668154487540096,3681,1668154487468348,1668154487540096,1,1668154487468348,1668154487540096,16,1668154487468348,1668154487540096,137420,1668154487468348,1668154487540096,
0,1668154487540163,1668154487611328,9,1668154487540163,1668154487611328,34,1668154487540163,1668154487611328,3681,1668154487540163,1668154487611328,1,1668154487540163,1668154487611328,16,1668154487540163,1668154487611328,137075,1668154487540163,1668154487611328,
0,1668154487611393,1668154487825910,0,1668154487611393,1668154487825910,0,1668154487611393,1668154487825910,10752,1668154487611393,1668154487825910,0,1668154487611393,1668154487825910,0,1668154487611393,1668154487825910,110420,1668154487611393,1668154487825910,0,1668154487611393,1668154487825910,9,1668154487611393,1668154487825910,34,1668154487611393,1668154487825910,3681,1668154487611393,1668154487825910,1,1668154487611393,1668154487825910,16,1668154487611393,1668154487825910,137683,1668154487611393,1668154487825910,4,1668154487611393,1668154487825910,2,1668154487611393,1668154487825910,6,1668154487611393,1668154487825910,2320,1668154487611393,1668154487825910,1,1668154487611393,1668154487825910,2,1668154487611393,1668154487825910,134608,1668154487611393,1668154487825910,
0,1668154487825982,1668154487898271,9,1668154487825982,1668154487898271,34,1668154487825982,1668154487898271,3681,1668154487825982,1668154487898271,1,1668154487825982,1668154487898271,16,1668154487825982,1668154487898271,137183,1668154487825982,1668154487898271,
4,1668154487898339,1668154487970814,9,1668154487898339,1668154487970814,34,1668154487898339,1668154487970814,3681,1668154487898339,1668154487970814,1,1668154487898339,1668154487970814,16,1668154487898339,1668154487970814,138023,1668154487898339,1668154487970814,
4,1668154487970883,1668154488041792,9,1668154487970883,1668154488041792,34,1668154487970883,1668154488041792,3681,1668154487970883,1668154488041792,1,1668154487970883,1668154488041792,16,1668154487970883,1668154488041792,137475,1668154487970883,1668154488041792,
4,1668154488041860,1668154488112870,9,1668154488041860,1668154488112870,34,1668154488041860,1668154488112870,3681,1668154488041860,1668154488112870,1,1668154488041860,1668154488112870,16,1668154488041860,1668154488112870,137398,1668154488041860,1668154488112870,
4,1668154488112941,1668154488184473,9,1668154488112941,1668154488184473,34,1668154488112941,1668154488184473,3681,1668154488112941,1668154488184473,1,1668154488112941,1668154488184473,16,1668154488112941,1668154488184473,137840,1668154488112941,1668154488184473,
8,1668154488184540,1668154488257459,9,1668154488184540,1668154488257459,34,1668154488184540,1668154488257459,3681,1668154488184540,1668154488257459,1,1668154488184540,1668154488257459,16,1668154488184540,1668154488257459,137351,1668154488184540,1668154488257459,
4,1668154488257545,1668154488330819,9,1668154488257545,1668154488330819,34,1668154488257545,1668154488330819,3681,1668154488257545,1668154488330819,1,1668154488257545,1668154488330819,16,1668154488257545,1668154488330819,137396,1668154488257545,1668154488330819,
8,1668154488330887,1668154488404243,9,1668154488330887,1668154488404243,34,1668154488330887,1668154488404243,3681,1668154488330887,1668154488404243,1,1668154488330887,1668154488404243,16,1668154488330887,1668154488404243,137669,1668154488330887,1668154488404243,
4,1668154488404314,1668154488476249,9,1668154488404314,1668154488476249,34,1668154488404314,1668154488476249,3681,1668154488404314,1668154488476249,1,1668154488404314,1668154488476249,16,1668154488404314,1668154488476249,137663,1668154488404314,1668154488476249,
4,1668154488476315,1668154488548447,9,1668154488476315,1668154488548447,34,1668154488476315,1668154488548447,3681,1668154488476315,1668154488548447,1,1668154488476315,1668154488548447,16,1668154488476315,1668154488548447,137415,1668154488476315,1668154488548447,
0,1668154488548515,1668154488764369,0,1668154488548515,1668154488764369,0,1668154488548515,1668154488764369,10752,1668154488548515,1668154488764369,0,1668154488548515,1668154488764369,0,1668154488548515,1668154488764369,110546,1668154488548515,1668154488764369,0,1668154488548515,1668154488764369,9,1668154488548515,1668154488764369,34,1668154488548515,1668154488764369,3681,1668154488548515,1668154488764369,1,1668154488548515,1668154488764369,16,1668154488548515,1668154488764369,137549,1668154488548515,1668154488764369,0,1668154488548515,1668154488764369,2,1668154488548515,1668154488764369,6,1668154488548515,1668154488764369,2320,1668154488548515,1668154488764369,1,1668154488548515,1668154488764369,2,1668154488548515,1668154488764369,134196,1668154488548515,1668154488764369,
0,1668154488764442,1668154488837077,9,1668154488764442,1668154488837077,34,1668154488764442,1668154488837077,3681,1668154488764442,1668154488837077,1,1668154488764442,1668154488837077,16,1668154488764442,1668154488837077,137450,1668154488764442,1668154488837077,
0,1668154488837144,1668154488909527,9,1668154488837144,1668154488909527,34,1668154488837144,1668154488909527,3681,1668154488837144,1668154488909527,1,1668154488837144,1668154488909527,16,1668154488837144,1668154488909527,137286,1668154488837144,1668154488909527,
4,1668154488909594,1668154488981679,9,1668154488909594,1668154488981679,34,1668154488909594,1668154488981679,3681,1668154488909594,1668154488981679,1,1668154488909594,1668154488981679,16,1668154488909594,1668154488981679,136888,1668154488909594,1668154488981679,
0,1668154488981748,1668154489052592,9,1668154488981748,1668154489052592,34,1668154488981748,1668154489052592,3681,1668154488981748,1668154489052592,1,1668154488981748,1668154489052592,16,1668154488981748,1668154489052592,137984,1668154488981748,1668154489052592,
4,1668154489052665,1668154489123879,9,1668154489052665,1668154489123879,34,1668154489052665,1668154489123879,3681,1668154489052665,1668154489123879,1,1668154489052665,1668154489123879,16,1668154489052665,1668154489123879,137331,1668154489052665,1668154489123879,
4,1668154489123948,1668154489195433,9,1668154489123948,1668154489195433,34,1668154489123948,1668154489195433,3681,1668154489123948,1668154489195433,1,1668154489123948,1668154489195433,16,1668154489123948,1668154489195433,137726,1668154489123948,1668154489195433,
4,1668154489195498,1668154489267464,9,1668154489195498,1668154489267464,34,1668154489195498,1668154489267464,3681,1668154489195498,1668154489267464,1,1668154489195498,1668154489267464,16,1668154489195498,1668154489267464,137363,1668154489195498,1668154489267464,
4,1668154489267532,1668154489340845,9,1668154489267532,1668154489340845,34,1668154489267532,1668154489340845,3681,1668154489267532,1668154489340845,1,1668154489267532,1668154489340845,16,1668154489267532,1668154489340845,137654,1668154489267532,1668154489340845,
8,1668154489340928,1668154489414048,9,1668154489340928,1668154489414048,34,1668154489340928,1668154489414048,3681,1668154489340928,1668154489414048,1,1668154489340928,1668154489414048,16,1668154489340928,1668154489414048,137327,1668154489340928,1668154489414048,
4,1668154489414117,1668154489487482,9,1668154489414117,1668154489487482,34,1668154489414117,1668154489487482,3681,1668154489414117,1668154489487482,1,1668154489414117,1668154489487482,16,1668154489414117,1668154489487482,137101,1668154489414117,1668154489487482,
8,1668154489487550,1668154489701113,0,1668154489487550,1668154489701113,0,1668154489487550,1668154489701113,10752,1668154489487550,1668154489701113,0,1668154489487550,1668154489701113,0,1668154489487550,1668154489701113,110172,1668154489487550,1668154489701113,8,1668154489487550,1668154489701113,9,1668154489487550,1668154489701113,34,1668154489487550,1668154489701113,3681,1668154489487550,1668154489701113,1,1668154489487550,1668154489701113,16,1668154489487550,1668154489701113,137242,1668154489487550,1668154489701113,4,1668154489487550,1668154489701113,2,1668154489487550,1668154489701113,6,1668154489487550,1668154489701113,2320,1668154489487550,1668154489701113,1,1668154489487550,1668154489701113,2,1668154489487550,1668154489701113,134184,1668154489487550,1668154489701113,
0,1668154489701186,1668154489772070,9,1668154489701186,1668154489772070,34,1668154489701186,1668154489772070,3681,1668154489701186,1668154489772070,1,1668154489701186,1668154489772070,16,1668154489701186,1668154489772070,137841,1668154489701186,1668154489772070,
0,1668154489772136,1668154489844953,9,1668154489772136,1668154489844953,34,1668154489772136,1668154489844953,3681,1668154489772136,1668154489844953,1,1668154489772136,1668154489844953,16,1668154489772136,1668154489844953,137324,1668154489772136,1668154489844953,
0,1668154489845019,1668154489917697,9,1668154489845019,1668154489917697,34,1668154489845019,1668154489917697,3681,1668154489845019,1668154489917697,1,1668154489845019,1668154489917697,16,1668154489845019,1668154489917697,137290,1668154489845019,1668154489917697,
0,1668154489917762,1668154489990764,9,1668154489917762,1668154489990764,34,1668154489917762,1668154489990764,3681,1668154489917762,1668154489990764,1,1668154489917762,1668154489990764,16,1668154489917762,1668154489990764,137298,1668154489917762,1668154489990764,
0,1668154489990858,1668154490061713,9,1668154489990858,1668154490061713,34,1668154489990858,1668154490061713,3681,1668154489990858,1668154490061713,1,1668154489990858,1668154490061713,16,1668154489990858,1668154490061713,137407,1668154489990858,1668154490061713,
4,1668154490061781,1668154490132779,9,1668154490061781,1668154490132779,34,1668154490061781,1668154490132779,3681,1668154490061781,1668154490132779,1,1668154490061781,1668154490132779,16,1668154490061781,1668154490132779,137623,1668154490061781,1668154490132779,
0,1668154490132846,1668154490204965,9,1668154490132846,1668154490204965,34,1668154490132846,1668154490204965,3681,1668154490132846,1668154490204965,1,1668154490132846,1668154490204965,16,1668154490132846,1668154490204965,137422,1668154490132846,1668154490204965,
0,1668154490205035,1668154490278204,9,1668154490205035,1668154490278204,34,1668154490205035,1668154490278204,3681,1668154490205035,1668154490278204,1,1668154490205035,1668154490278204,16,1668154490205035,1668154490278204,137140,1668154490205035,1668154490278204,
0,1668154490278272,1668154490350633,9,1668154490278272,1668154490350633,34,1668154490278272,1668154490350633,3681,1668154490278272,1668154490350633,1,1668154490278272,1668154490350633,16,1668154490278272,1668154490350633,137427,1668154490278272,1668154490350633,
0,1668154490350702,1668154490422857,9,1668154490350702,1668154490422857,34,1668154490350702,1668154490422857,3681,1668154490350702,1668154490422857,1,1668154490350702,1668154490422857,16,1668154490350702,1668154490422857,137334,1668154490350702,1668154490422857,
0,1668154490422927,1668154490643728,0,1668154490422927,1668154490643728,0,1668154490422927,1668154490643728,10752,1668154490422927,1668154490643728,0,1668154490422927,1668154490643728,0,1668154490422927,1668154490643728,110434,1668154490422927,1668154490643728,0,1668154490422927,1668154490643728,9,1668154490422927,1668154490643728,34,1668154490422927,1668154490643728,3681,1668154490422927,1668154490643728,1,1668154490422927,1668154490643728,16,1668154490422927,1668154490643728,137305,1668154490422927,1668154490643728,0,1668154490422927,1668154490643728,2,1668154490422927,1668154490643728,6,1668154490422927,1668154490643728,2320,1668154490422927,1668154490643728,1,1668154490422927,1668154490643728,2,1668154490422927,1668154490643728,134617,1668154490422927,1668154490643728,
4,1668154490643815,1668154490715678,9,1668154490643815,1668154490715678,34,1668154490643815,1668154490715678,3681,1668154490643815,1668154490715678,1,1668154490643815,1668154490715678,16,1668154490643815,1668154490715678,137883,1668154490643815,1668154490715678,
0,1668154490715744,1668154490786833,9,1668154490715744,1668154490786833,34,1668154490715744,1668154490786833,3681,1668154490715744,1668154490786833,1,1668154490715744,1668154490786833,16,1668154490715744,1668154490786833,137406,1668154490715744,1668154490786833,
0,1668154490786898,1668154490859072,9,1668154490786898,1668154490859072,34,1668154490786898,1668154490859072,3681,1668154490786898,1668154490859072,1,1668154490786898,1668154490859072,16,1668154490786898,1668154490859072,137479,1668154490786898,1668154490859072,
0,1668154490859141,1668154490932413,9,1668154490859141,1668154490932413,34,1668154490859141,1668154490932413,3681,1668154490859141,1668154490932413,1,1668154490859141,1668154490932413,16,1668154490859141,1668154490932413,136958,1668154490859141,1668154490932413,
0,1668154490932483,1668154491004581,9,1668154490932483,1668154491004581,34,1668154490932483,1668154491004581,3681,1668154490932483,1668154491004581,1,1668154490932483,1668154491004581,16,1668154490932483,1668154491004581,137273,1668154490932483,1668154491004581,
0,1668154491004679,1668154491075258,9,1668154491004679,1668154491075258,34,1668154491004679,1668154491075258,3681,1668154491004679,1668154491075258,1,1668154491004679,1668154491075258,16,1668154491004679,1668154491075258,137606,1668154491004679,1668154491075258,
0,1668154491075326,1668154491146517,9,1668154491075326,1668154491146517,34,1668154491075326,1668154491146517,3681,1668154491075326,1668154491146517,1,1668154491075326,1668154491146517,16,1668154491075326,1668154491146517,136819,1668154491075326,1668154491146517,
0,1668154491146582,1668154491218639,9,1668154491146582,1668154491218639,34,1668154491146582,1668154491218639,3681,1668154491146582,1668154491218639,1,1668154491146582,1668154491218639,16,1668154491146582,1668154491218639,137527,1668154491146582,1668154491218639,
4,1668154491218714,1668154491290971,9,1668154491218714,1668154491290971,34,1668154491218714,1668154491290971,3681,1668154491218714,1668154491290971,1,1668154491218714,1668154491290971,16,1668154491218714,1668154491290971,138130,1668154491218714,1668154491290971,
0,1668154491291042,1668154491362438,9,1668154491291042,1668154491362438,34,1668154491291042,1668154491362438,3681,1668154491291042,1668154491362438,1,1668154491291042,1668154491362438,16,1668154491291042,1668154491362438,137845,1668154491291042,1668154491362438,
0,1668154491362510,1668154491576145,0,1668154491362510,1668154491576145,0,1668154491362510,1668154491576145,10752,1668154491362510,1668154491576145,0,1668154491362510,1668154491576145,0,1668154491362510,1668154491576145,110292,1668154491362510,1668154491576145,0,1668154491362510,1668154491576145,9,1668154491362510,1668154491576145,34,1668154491362510,1668154491576145,3681,1668154491362510,1668154491576145,1,1668154491362510,1668154491576145,16,1668154491362510,1668154491576145,137247,1668154491362510,1668154491576145,0,1668154491362510,1668154491576145,2,1668154491362510,1668154491576145,6,1668154491362510,1668154491576145,2320,1668154491362510,1668154491576145,1,1668154491362510,1668154491576145,2,1668154491362510,1668154491576145,134056,1668154491362510,1668154491576145,
0,1668154491576254,1668154491647318,9,1668154491576254,1668154491647318,34,1668154491576254,1668154491647318,3681,1668154491576254,1668154491647318,1,1668154491576254,1668154491647318,16,1668154491576254,1668154491647318,137459,1668154491576254,1668154491647318,
0,1668154491647384,1668154491718681,9,1668154491647384,1668154491718681,34,1668154491647384,1668154491718681,3681,1668154491647384,1668154491718681,1,1668154491647384,1668154491718681,16,1668154491647384,1668154491718681,138035,1668154491647384,1668154491718681,
0,1668154491718746,1668154491789810,9,1668154491718746,1668154491789810,34,1668154491718746,1668154491789810,3681,1668154491718746,1668154491789810,1,1668154491718746,1668154491789810,16,1668154491718746,1668154491789810,137493,1668154491718746,1668154491789810,
4,1668154491789875,1668154491862547,9,1668154491789875,1668154491862547,34,1668154491789875,1668154491862547,3681,1668154491789875,1668154491862547,1,1668154491789875,1668154491862547,16,1668154491789875,1668154491862547,137733,1668154491789875,1668154491862547,
0,1668154491862617,1668154491935450,9,1668154491862617,1668154491935450,34,1668154491862617,1668154491935450,3681,1668154491862617,1668154491935450,1,1668154491862617,1668154491935450,16,1668154491862617,1668154491935450,137582,1668154491862617,1668154491935450,
0,1668154491935520,1668154492007105,9,1668154491935520,1668154492007105,34,1668154491935520,1668154492007105,3681,1668154491935520,1668154492007105,1,1668154491935520,1668154492007105,16,1668154491935520,1668154492007105,137279,1668154491935520,1668154492007105,
0,1668154492007200,1668154492078416,9,1668154492007200,1668154492078416,34,1668154492007200,1668154492078416,3681,1668154492007200,1668154492078416,1,1668154492007200,1668154492078416,16,1668154492007200,1668154492078416,137410,1668154492007200,1668154492078416,
0,1668154492078483,1668154492149575,9,1668154492078483,1668154492149575,34,1668154492078483,1668154492149575,3681,1668154492078483,1668154492149575,1,1668154492078483,1668154492149575,16,1668154492078483,1668154492149575,137234,1668154492078483,1668154492149575,
0,1668154492149642,1668154492221738,9,1668154492149642,1668154492221738,34,1668154492149642,1668154492221738,3681,1668154492149642,1668154492221738,1,1668154492149642,1668154492221738,16,1668154492149642,1668154492221738,137366,1668154492149642,1668154492221738,
0,1668154492221808,1668154492294742,9,1668154492221808,1668154492294742,34,1668154492221808,1668154492294742,3681,1668154492221808,1668154492294742,1,1668154492221808,1668154492294742,16,1668154492221808,1668154492294742,137341,1668154492221808,1668154492294742,
0,1668154492294812,1668154492511420,0,1668154492294812,1668154492511420,0,1668154492294812,1668154492511420,10752,1668154492294812,1668154492511420,0,1668154492294812,1668154492511420,0,1668154492294812,1668154492511420,110354,1668154492294812,1668154492511420,0,1668154492294812,1668154492511420,9,1668154492294812,1668154492511420,34,1668154492294812,1668154492511420,3681,1668154492294812,1668154492511420,1,1668154492294812,1668154492511420,16,1668154492294812,1668154492511420,137487,1668154492294812,1668154492511420,0,1668154492294812,1668154492511420,2,1668154492294812,1668154492511420,6,1668154492294812,1668154492511420,2320,1668154492294812,1668154492511420,1,1668154492294812,1668154492511420,2,1668154492294812,1668154492511420,134172,1668154492294812,1668154492511420,
0,1668154492511493,1668154492582668,9,1668154492511493,1668154492582668,34,1668154492511493,1668154492582668,3681,1668154492511493,1668154492582668,1,1668154492511493,1668154492582668,16,1668154492511493,1668154492582668,137394,1668154492511493,1668154492582668,
0,1668154492582733,1668154492653888,9,1668154492582733,1668154492653888,34,1668154492582733,1668154492653888,3681,1668154492582733,1668154492653888,1,1668154492582733,1668154492653888,16,1668154492582733,1668154492653888,137367,1668154492582733,1668154492653888,
0,1668154492653953,1668154492725543,9,1668154492653953,1668154492725543,34,1668154492653953,1668154492725543,3681,1668154492653953,1668154492725543,1,1668154492653953,1668154492725543,16,1668154492653953,1668154492725543,137326,1668154492653953,1668154492725543,
0,1668154492725620,1668154492797171,9,1668154492725620,1668154492797171,34,1668154492725620,1668154492797171,3681,1668154492725620,1668154492797171,1,1668154492725620,1668154492797171,16,1668154492725620,1668154492797171,137663,1668154492725620,1668154492797171,
0,1668154492797237,1668154492868761,9,1668154492797237,1668154492868761,34,1668154492797237,1668154492868761,3681,1668154492797237,1668154492868761,1,1668154492797237,1668154492868761,16,1668154492797237,1668154492868761,137565,1668154492797237,1668154492868761,
0,1668154492868830,1668154492941658,9,1668154492868830,1668154492941658,34,1668154492868830,1668154492941658,3681,1668154492868830,1668154492941658,1,1668154492868830,1668154492941658,16,1668154492868830,1668154492941658,137360,1668154492868830,1668154492941658,
4,1668154492941726,1668154493012979,9,1668154492941726,1668154493012979,34,1668154492941726,1668154493012979,3681,1668154492941726,1668154493012979,1,1668154492941726,1668154493012979,16,1668154492941726,1668154493012979,137690,1668154492941726,1668154493012979,
0,1668154493013044,1668154493084140,9,1668154493013044,1668154493084140,34,1668154493013044,1668154493084140,3681,1668154493013044,1668154493084140,1,1668154493013044,1668154493084140,16,1668154493013044,1668154493084140,137527,1668154493013044,1668154493084140,
0,1668154493084205,1668154493155242,9,1668154493084205,1668154493155242,34,1668154493084205,1668154493155242,3681,1668154493084205,1668154493155242,1,1668154493084205,1668154493155242,16,1668154493084205,1668154493155242,137443,1668154493084205,1668154493155242,
0,1668154493155306,1668154493227697,9,1668154493155306,1668154493227697,34,1668154493155306,1668154493227697,3681,1668154493155306,1668154493227697,1,1668154493155306,1668154493227697,16,1668154493155306,1668154493227697,137391,1668154493155306,1668154493227697,
0,1668154493227766,1668154493446312,0,1668154493227766,1668154493446312,0,1668154493227766,1668154493446312,10752,1668154493227766,1668154493446312,0,1668154493227766,1668154493446312,0,1668154493227766,1668154493446312,110424,1668154493227766,1668154493446312,0,1668154493227766,1668154493446312,9,1668154493227766,1668154493446312,34,1668154493227766,1668154493446312,3681,1668154493227766,1668154493446312,1,1668154493227766,1668154493446312,16,1668154493227766,1668154493446312,137556,1668154493227766,1668154493446312,0,1668154493227766,1668154493446312,2,1668154493227766,1668154493446312,6,1668154493227766,1668154493446312,2320,1668154493227766,1668154493446312,1,1668154493227766,1668154493446312,2,1668154493227766,1668154493446312,134648,1668154493227766,1668154493446312,
0,1668154493446389,1668154493519424,9,1668154493446389,1668154493519424,34,1668154493446389,1668154493519424,3681,1668154493446389,1668154493519424,1,1668154493446389,1668154493519424,16,1668154493446389,1668154493519424,137874,1668154493446389,1668154493519424,
4,1668154493519519,1668154493590784,9,1668154493519519,1668154493590784,34,1668154493519519,1668154493590784,3681,1668154493519519,1668154493590784,1,1668154493519519,1668154493590784,16,1668154493519519,1668154493590784,137455,1668154493519519,1668154493590784,
0,1668154493590850,1668154493661851,9,1668154493590850,1668154493661851,34,1668154493590850,1668154493661851,3681,1668154493590850,1668154493661851,1,1668154493590850,1668154493661851,16,1668154493590850,1668154493661851,137486,1668154493590850,1668154493661851,
0,1668154493661917,1668154493733248,9,1668154493661917,1668154493733248,34,1668154493661917,1668154493733248,3681,1668154493661917,1668154493733248,1,1668154493661917,1668154493733248,16,1668154493661917,1668154493733248,137088,1668154493661917,1668154493733248,
0,1668154493733314,1668154493805132,9,1668154493733314,1668154493805132,34,1668154493733314,1668154493805132,3681,1668154493733314,1668154493805132,1,1668154493733314,1668154493805132,16,1668154493733314,1668154493805132,137831,1668154493733314,1668154493805132,
0,1668154493805200,1668154493876477,9,1668154493805200,1668154493876477,34,1668154493805200,1668154493876477,3681,1668154493805200,1668154493876477,1,1668154493805200,1668154493876477,16,1668154493805200,1668154493876477,137935,1668154493805200,1668154493876477,
0,1668154493876558,1668154493949609,9,1668154493876558,1668154493949609,34,1668154493876558,1668154493949609,3681,1668154493876558,1668154493949609,1,1668154493876558,1668154493949609,16,1668154493876558,1668154493949609,137080,1668154493876558,1668154493949609,
0,1668154493949675,1668154494021023,9,1668154493949675,1668154494021023,34,1668154493949675,1668154494021023,3681,1668154493949675,1668154494021023,1,1668154493949675,1668154494021023,16,1668154493949675,1668154494021023,137731,1668154493949675,1668154494021023,
0,1668154494021089,1668154494092288,9,1668154494021089,1668154494092288,34,1668154494021089,1668154494092288,3681,1668154494021089,1668154494092288,1,1668154494021089,1668154494092288,16,1668154494021089,1668154494092288,137422,1668154494021089,1668154494092288,
4,1668154494092353,1668154494163468,9,1668154494092353,1668154494163468,34,1668154494092353,1668154494163468,3681,1668154494092353,1668154494163468,1,1668154494092353,1668154494163468,16,1668154494092353,1668154494163468,137442,1668154494092353,1668154494163468,
0,1668154494163534,1668154494380603,0,1668154494163534,1668154494380603,0,1668154494163534,1668154494380603,10752,1668154494163534,1668154494380603,0,1668154494163534,1668154494380603,0,1668154494163534,1668154494380603,110566,1668154494163534,1668154494380603,0,1668154494163534,1668154494380603,9,1668154494163534,1668154494380603,34,1668154494163534,1668154494380603,3681,1668154494163534,1668154494380603,1,1668154494163534,1668154494380603,16,1668154494163534,1668154494380603,137935,1668154494163534,1668154494380603,0,1668154494163534,1668154494380603,2,1668154494163534,1668154494380603,6,1668154494163534,1668154494380603,2320,1668154494163534,1668154494380603,1,1668154494163534,1668154494380603,2,1668154494163534,1668154494380603,134134,1668154494163534,1668154494380603,
0,1668154494380683,1668154494454027,9,1668154494380683,1668154494454027,34,1668154494380683,1668154494454027,3681,1668154494380683,1668154494454027,1,1668154494380683,1668154494454027,16,1668154494380683,1668154494454027,137473,1668154494380683,1668154494454027,
0,1668154494454096,1668154494525885,9,1668154494454096,1668154494525885,34,1668154494454096,1668154494525885,3681,1668154494454096,1668154494525885,1,1668154494454096,1668154494525885,16,1668154494454096,1668154494525885,137258,1668154494454096,1668154494525885,
0,1668154494525980,1668154494597303,9,1668154494525980,1668154494597303,34,1668154494525980,1668154494597303,3681,1668154494525980,1668154494597303,1,1668154494525980,1668154494597303,16,1668154494525980,1668154494597303,137324,1668154494525980,1668154494597303,
0,1668154494597368,1668154494668381,9,1668154494597368,1668154494668381,34,1668154494597368,1668154494668381,3681,1668154494597368,1668154494668381,1,1668154494597368,1668154494668381,16,1668154494597368,1668154494668381,137290,1668154494597368,1668154494668381,
4,1668154494668446,1668154494739904,9,1668154494668446,1668154494739904,34,1668154494668446,1668154494739904,3681,1668154494668446,1668154494739904,1,1668154494668446,1668154494739904,16,1668154494668446,1668154494739904,137252,1668154494668446,1668154494739904,
0,1668154494739968,1668154494811869,9,1668154494739968,1668154494811869,34,1668154494739968,1668154494811869,3681,1668154494739968,1668154494811869,1,1668154494739968,1668154494811869,16,1668154494739968,1668154494811869,137819,1668154494739968,1668154494811869,
4,1668154494811937,1668154494883879,9,1668154494811937,1668154494883879,34,1668154494811937,1668154494883879,3681,1668154494811937,1668154494883879,1,1668154494811937,1668154494883879,16,1668154494811937,1668154494883879,137585,1668154494811937,1668154494883879,
4,1668154494883948,1668154494957196,9,1668154494883948,1668154494957196,34,1668154494883948,1668154494957196,3681,1668154494883948,1668154494957196,1,1668154494883948,1668154494957196,16,1668154494883948,1668154494957196,137714,1668154494883948,1668154494957196,
8,1668154494957276,1668154495028495,9,1668154494957276,1668154495028495,34,1668154494957276,1668154495028495,3681,1668154494957276,1668154495028495,1,1668154494957276,1668154495028495,16,1668154494957276,1668154495028495,137953,1668154494957276,1668154495028495,
4,1668154495028561,1668154495099877,9,1668154495028561,1668154495099877,34,1668154495028561,1668154495099877,3681,1668154495028561,1668154495099877,1,1668154495028561,1668154495099877,16,1668154495028561,1668154495099877,137553,1668154495028561,1668154495099877,
4,1668154495099942,1668154495315648,0,1668154495099942,1668154495315648,0,1668154495099942,1668154495315648,10752,1668154495099942,1668154495315648,0,1668154495099942,1668154495315648,0,1668154495099942,1668154495315648,110468,1668154495099942,1668154495315648,8,1668154495099942,1668154495315648,9,1668154495099942,1668154495315648,34,1668154495099942,1668154495315648,3681,1668154495099942,1668154495315648,1,1668154495099942,1668154495315648,16,1668154495099942,1668154495315648,137302,1668154495099942,1668154495315648,8,1668154495099942,1668154495315648,2,1668154495099942,1668154495315648,6,1668154495099942,1668154495315648,2320,1668154495099942,1668154495315648,1,1668154495099942,1668154495315648,2,1668154495099942,1668154495315648,134114,1668154495099942,1668154495315648,
4,1668154495315726,1668154495388814,9,1668154495315726,1668154495388814,34,1668154495315726,1668154495388814,3681,1668154495315726,1668154495388814,1,1668154495315726,1668154495388814,16,1668154495315726,1668154495388814,137106,1668154495315726,1668154495388814,
4,1668154495388883,1668154495462043,9,1668154495388883,1668154495462043,34,1668154495388883,1668154495462043,3681,1668154495388883,1668154495462043,1,1668154495388883,1668154495462043,16,1668154495388883,1668154495462043,137399,1668154495388883,1668154495462043,
0,1668154495462112,1668154495534451,9,1668154495462112,1668154495534451,34,1668154495462112,1668154495534451,3681,1668154495462112,1668154495534451,1,1668154495462112,1668154495534451,16,1668154495462112,1668154495534451,137029,1668154495462112,1668154495534451,
0,1668154495534545,1668154495606011,9,1668154495534545,1668154495606011,34,1668154495534545,1668154495606011,3681,1668154495534545,1668154495606011,1,1668154495534545,1668154495606011,16,1668154495534545,1668154495606011,137133,1668154495534545,1668154495606011,
0,1668154495606076,1668154495677338,9,1668154495606076,1668154495677338,34,1668154495606076,1668154495677338,3681,1668154495606076,1668154495677338,1,1668154495606076,1668154495677338,16,1668154495606076,1668154495677338,137439,1668154495606076,1668154495677338,
0,1668154495677403,1668154495748708,9,1668154495677403,1668154495748708,34,1668154495677403,1668154495748708,3681,1668154495677403,1668154495748708,1,1668154495677403,1668154495748708,16,1668154495677403,1668154495748708,137218,1668154495677403,1668154495748708,
0,1668154495748774,1668154495820913,9,1668154495748774,1668154495820913,34,1668154495748774,1668154495820913,3681,1668154495748774,1668154495820913,1,1668154495748774,1668154495820913,16,1668154495748774,1668154495820913,137704,1668154495748774,1668154495820913,
4,1668154495820981,1668154495893227,9,1668154495820981,1668154495893227,34,1668154495820981,1668154495893227,3681,1668154495820981,1668154495893227,1,1668154495820981,1668154495893227,16,1668154495820981,1668154495893227,137157,1668154495820981,1668154495893227,
0,1668154495893295,1668154495964856,9,1668154495893295,1668154495964856,34,1668154495893295,1668154495964856,3681,1668154495893295,1668154495964856,1,1668154495893295,1668154495964856,16,1668154495893295,1668154495964856,137394,1668154495893295,1668154495964856,
4,1668154495964922,1668154496036160,9,1668154495964922,1668154496036160,34,1668154495964922,1668154496036160,3681,1668154495964922,1668154496036160,1,1668154495964922,1668154496036160,16,1668154495964922,1668154496036160,137250,1668154495964922,1668154496036160,
4,1668154496036225,1668154496250999,0,1668154496036225,1668154496250999,0,1668154496036225,1668154496250999,10752,1668154496036225,1668154496250999,0,1668154496036225,1668154496250999,0,1668154496036225,1668154496250999,110618,1668154496036225,1668154496250999,4,1668154496036225,1668154496250999,9,1668154496036225,1668154496250999,34,1668154496036225,1668154496250999,3681,1668154496036225,1668154496250999,1,1668154496036225,1668154496250999,16,1668154496036225,1668154496250999,137435,1668154496036225,1668154496250999,8,1668154496036225,1668154496250999,2,1668154496036225,1668154496250999,6,1668154496036225,1668154496250999,2320,1668154496036225,1668154496250999,1,1668154496036225,1668154496250999,2,1668154496036225,1668154496250999,133961,1668154496036225,1668154496250999,
4,1668154496251088,1668154496323594,9,1668154496251088,1668154496323594,34,1668154496251088,1668154496323594,3681,1668154496251088,1668154496323594,1,1668154496251088,1668154496323594,16,1668154496251088,1668154496323594,137625,1668154496251088,1668154496323594,
4,1668154496323663,1668154496394996,9,1668154496323663,1668154496394996,34,1668154496323663,1668154496394996,3681,1668154496323663,1668154496394996,1,1668154496323663,1668154496394996,16,1668154496323663,1668154496394996,137135,1668154496323663,1668154496394996,
8,1668154496395066,1668154496467483,9,1668154496395066,1668154496467483,34,1668154496395066,1668154496467483,3681,1668154496395066,1668154496467483,1,1668154496395066,1668154496467483,16,1668154496395066,1668154496467483,137667,1668154496395066,1668154496467483,
4,1668154496467553,1668154496539227,9,1668154496467553,1668154496539227,34,1668154496467553,1668154496539227,3681,1668154496467553,1668154496539227,1,1668154496467553,1668154496539227,16,1668154496467553,1668154496539227,136953,1668154496467553,1668154496539227,
4,1668154496539293,1668154496611159,9,1668154496539293,1668154496611159,34,1668154496539293,1668154496611159,3681,1668154496539293,1668154496611159,1,1668154496539293,1668154496611159,16,1668154496539293,1668154496611159,137342,1668154496539293,1668154496611159,
0,1668154496611249,1668154496682630,9,1668154496611249,1668154496682630,34,1668154496611249,1668154496682630,3681,1668154496611249,1668154496682630,1,1668154496611249,1668154496682630,16,1668154496611249,1668154496682630,137589,1668154496611249,1668154496682630,
0,1668154496682696,1668154496753713,9,1668154496682696,1668154496753713,34,1668154496682696,1668154496753713,3681,1668154496682696,1668154496753713,1,1668154496682696,1668154496753713,16,1668154496682696,1668154496753713,137575,1668154496682696,1668154496753713,
0,1668154496753778,1668154496825545,9,1668154496753778,1668154496825545,34,1668154496753778,1668154496825545,3681,1668154496753778,1668154496825545,1,1668154496753778,1668154496825545,16,1668154496753778,1668154496825545,137590,1668154496753778,1668154496825545,
0,1668154496825614,1668154496897351,9,1668154496825614,1668154496897351,34,1668154496825614,1668154496897351,3681,1668154496825614,1668154496897351,1,1668154496825614,1668154496897351,16,1668154496825614,1668154496897351,137161,1668154496825614,1668154496897351,
0,1668154496897419,1668154496968962,9,1668154496897419,1668154496968962,34,1668154496897419,1668154496968962,3681,1668154496897419,1668154496968962,1,1668154496897419,1668154496968962,16,1668154496897419,1668154496968962,137319,1668154496897419,1668154496968962,
0,1668154496969029,1668154497182711,0,1668154496969029,1668154497182711,0,1668154496969029,1668154497182711,10752,1668154496969029,1668154497182711,0,1668154496969029,1668154497182711,0,1668154496969029,1668154497182711,110260,1668154496969029,1668154497182711,4,1668154496969029,1668154497182711,9,1668154496969029,1668154497182711,34,1668154496969029,1668154497182711,3681,1668154496969029,1668154497182711,1,1668154496969029,1668154497182711,16,1668154496969029,1668154497182711,137417,1668154496969029,1668154497182711,0,1668154496969029,1668154497182711,2,1668154496969029,1668154497182711,6,1668154496969029,1668154497182711,2320,1668154496969029,1668154497182711,1,1668154496969029,1668154497182711,2,1668154496969029,1668154497182711,134003,1668154496969029,1668154497182711,
0,1668154497182795,1668154497254977,9,1668154497182795,1668154497254977,34,1668154497182795,1668154497254977,3681,1668154497182795,1668154497254977,1,1668154497182795,1668154497254977,16,1668154497182795,1668154497254977,136943,1668154497182795,1668154497254977,
0,1668154497255047,1668154497327362,9,1668154497255047,1668154497327362,34,1668154497255047,1668154497327362,3681,1668154497255047,1668154497327362,1,1668154497255047,1668154497327362,16,1668154497255047,1668154497327362,137327,1668154497255047,1668154497327362,
0,1668154497327431,1668154497398640,9,1668154497327431,1668154497398640,34,1668154497327431,1668154497398640,3681,1668154497327431,1668154497398640,1,1668154497327431,1668154497398640,16,1668154497327431,1668154497398640,137502,1668154497327431,1668154497398640,
0,1668154497398708,1668154497471615,9,1668154497398708,1668154497471615,34,1668154497398708,1668154497471615,3681,1668154497398708,1668154497471615,1,1668154497398708,1668154497471615,16,1668154497398708,1668154497471615,137302,1668154497398708,1668154497471615,
0,1668154497471685,1668154497543071,9,1668154497471685,1668154497543071,34,1668154497471685,1668154497543071,3681,1668154497471685,1668154497543071,1,1668154497471685,1668154497543071,16,1668154497471685,1668154497543071,137214,1668154497471685,1668154497543071,
4,1668154497543137,1668154497614823,9,1668154497543137,1668154497614823,34,1668154497543137,1668154497614823,3681,1668154497543137,1668154497614823,1,1668154497543137,1668154497614823,16,1668154497543137,1668154497614823,137171,1668154497543137,1668154497614823,
0,1668154497614914,1668154497686298,9,1668154497614914,1668154497686298,34,1668154497614914,1668154497686298,3681,1668154497614914,1668154497686298,1,1668154497614914,1668154497686298,16,1668154497614914,1668154497686298,137199,1668154497614914,1668154497686298,
0,1668154497686363,1668154497757413,9,1668154497686363,1668154497757413,34,1668154497686363,1668154497757413,3681,1668154497686363,1668154497757413,1,1668154497686363,1668154497757413,16,1668154497686363,1668154497757413,137606,1668154497686363,1668154497757413,
0,1668154497757479,1668154497829194,9,1668154497757479,1668154497829194,34,1668154497757479,1668154497829194,3681,1668154497757479,1668154497829194,1,1668154497757479,1668154497829194,16,1668154497757479,1668154497829194,137439,1668154497757479,1668154497829194,
0,1668154497829262,1668154497901272,9,1668154497829262,1668154497901272,34,1668154497829262,1668154497901272,3681,1668154497829262,1668154497901272,1,1668154497829262,1668154497901272,16,1668154497829262,1668154497901272,137097,1668154497829262,1668154497901272,
0,1668154497901343,1668154498115031,0,1668154497901343,1668154498115031,0,1668154497901343,1668154498115031,10752,1668154497901343,1668154498115031,0,1668154497901343,1668154498115031,0,1668154497901343,1668154498115031,110530,1668154497901343,1668154498115031,0,1668154497901343,1668154498115031,9,1668154497901343,1668154498115031,34,1668154497901343,1668154498115031,3681,1668154497901343,1668154498115031,1,1668154497901343,1668154498115031,16,1668154497901343,1668154498115031,137751,1668154497901343,1668154498115031,0,1668154497901343,1668154498115031,2,1668154497901343,1668154498115031,6,1668154497901343,1668154498115031,2320,1668154497901343,1668154498115031,1,1668154497901343,1668154498115031,2,1668154497901343,1668154498115031,134734,1668154497901343,1668154498115031,
4,1668154498115103,1668154498186466,9,1668154498115103,1668154498186466,34,1668154498115103,1668154498186466,3681,1668154498115103,1668154498186466,1,1668154498115103,1668154498186466,16,1668154498115103,1668154498186466,137298,1668154498115103,1668154498186466,
0,1668154498186531,1668154498258667,9,1668154498186531,1668154498258667,34,1668154498186531,1668154498258667,3681,1668154498186531,1668154498258667,1,1668154498186531,1668154498258667,16,1668154498186531,1668154498258667,137443,1668154498186531,1668154498258667,
0,1668154498258737,1668154498330854,9,1668154498258737,1668154498330854,34,1668154498258737,1668154498330854,3681,1668154498258737,1668154498330854,1,1668154498258737,1668154498330854,16,1668154498258737,1668154498330854,137283,1668154498258737,1668154498330854,
0,1668154498330933,1668154498402697,9,1668154498330933,1668154498402697,34,1668154498330933,1668154498402697,3681,1668154498330933,1668154498402697,1,1668154498330933,1668154498402697,16,1668154498330933,1668154498402697,137179,1668154498330933,1668154498402697,
0,1668154498402763,1668154498475666,9,1668154498402763,1668154498475666,34,1668154498402763,1668154498475666,3681,1668154498402763,1668154498475666,1,1668154498402763,1668154498475666,16,1668154498402763,1668154498475666,137322,1668154498402763,1668154498475666,
0,1668154498475734,1668154498547405,9,1668154498475734,1668154498547405,34,1668154498475734,1668154498547405,3681,1668154498475734,1668154498547405,1,1668154498475734,1668154498547405,16,1668154498475734,1668154498547405,137192,1668154498475734,1668154498547405,
0,1668154498547474,1668154498619376,9,1668154498547474,1668154498619376,34,1668154498547474,1668154498619376,3681,1668154498547474,1668154498619376,1,1668154498547474,1668154498619376,16,1668154498547474,1668154498619376,137937,1668154498547474,1668154498619376,
0,1668154498619466,1668154498690878,9,1668154498619466,1668154498690878,34,1668154498619466,1668154498690878,3681,1668154498619466,1668154498690878,1,1668154498619466,1668154498690878,16,1668154498619466,1668154498690878,136982,1668154498619466,1668154498690878,
4,1668154498690944,1668154498761919,9,1668154498690944,1668154498761919,34,1668154498690944,1668154498761919,3681,1668154498690944,1668154498761919,1,1668154498690944,1668154498761919,16,1668154498690944,1668154498761919,137291,1668154498690944,1668154498761919,
0,1668154498761984,1668154498834228,9,1668154498761984,1668154498834228,34,1668154498761984,1668154498834228,3681,1668154498761984,1668154498834228,1,1668154498761984,1668154498834228,16,1668154498761984,1668154498834228,137798,1668154498761984,1668154498834228,
0,1668154498834297,1668154499049295,0,1668154498834297,1668154499049295,0,1668154498834297,1668154499049295,10752,1668154498834297,1668154499049295,0,1668154498834297,1668154499049295,0,1668154498834297,1668154499049295,110448,1668154498834297,1668154499049295,0,1668154498834297,1668154499049295,9,1668154498834297,1668154499049295,34,1668154498834297,1668154499049295,3681,1668154498834297,1668154499049295,1,1668154498834297,1668154499049295,16,1668154498834297,1668154499049295,137384,1668154498834297,1668154499049295,0,1668154498834297,1668154499049295,2,1668154498834297,1668154499049295,6,1668154498834297,1668154499049295,2320,1668154498834297,1668154499049295,1,1668154498834297,1668154499049295,2,1668154498834297,1668154499049295,133947,1668154498834297,1668154499049295,
0,1668154499049368,1668154499120607,9,1668154499049368,1668154499120607,34,1668154499049368,1668154499120607,3681,1668154499049368,1668154499120607,1,1668154499049368,1668154499120607,16,1668154499049368,1668154499120607,137325,1668154499049368,1668154499120607,
0,1668154499120699,1668154499192207,9,1668154499120699,1668154499192207,34,1668154499120699,1668154499192207,3681,1668154499120699,1668154499192207,1,1668154499120699,1668154499192207,16,1668154499120699,1668154499192207,137623,1668154499120699,1668154499192207,
0,1668154499192272,1668154499264529,9,1668154499192272,1668154499264529,34,1668154499192272,1668154499264529,3681,1668154499192272,1668154499264529,1,1668154499192272,1668154499264529,16,1668154499192272,1668154499264529,137478,1668154499192272,1668154499264529,
4,1668154499264599,1668154499337649,9,1668154499264599,1668154499337649,34,1668154499264599,1668154499337649,3681,1668154499264599,1668154499337649,1,1668154499264599,1668154499337649,16,1668154499264599,1668154499337649,137438,1668154499264599,1668154499337649,
0,1668154499337719,1668154499409023,9,1668154499337719,1668154499409023,34,1668154499337719,1668154499409023,3681,1668154499337719,1668154499409023,1,1668154499337719,1668154499409023,16,1668154499337719,1668154499409023,137311,1668154499337719,1668154499409023,
4,1668154499409090,1668154499480339,9,1668154499409090,1668154499480339,34,1668154499409090,1668154499480339,3681,1668154499409090,1668154499480339,1,1668154499409090,1668154499480339,16,1668154499409090,1668154499480339,137153,1668154499409090,1668154499480339,
4,1668154499480418,1668154499551819,9,1668154499480418,1668154499551819,34,1668154499480418,1668154499551819,3681,1668154499480418,1668154499551819,1,1668154499480418,1668154499551819,16,1668154499480418,1668154499551819,137410,1668154499480418,1668154499551819,
4,1668154499551884,1668154499624365,9,1668154499551884,1668154499624365,34,1668154499551884,1668154499624365,3681,1668154499551884,1668154499624365,1,1668154499551884,1668154499624365,16,1668154499551884,1668154499624365,137109,1668154499551884,1668154499624365,
8,1668154499624454,1668154499696121,9,1668154499624454,1668154499696121,34,1668154499624454,1668154499696121,3681,1668154499624454,1668154499696121,1,1668154499624454,1668154499696121,16,1668154499624454,1668154499696121,137417,1668154499624454,1668154499696121,
8,1668154499696188,1668154499767038,9,1668154499696188,1668154499767038,34,1668154499696188,1668154499767038,3681,1668154499696188,1668154499767038,1,1668154499696188,1668154499767038,16,1668154499696188,1668154499767038,137726,1668154499696188,1668154499767038,
4,1668154499767102,1668154499984372,0,1668154499767102,1668154499984372,0,1668154499767102,1668154499984372,10752,1668154499767102,1668154499984372,0,1668154499767102,1668154499984372,0,1668154499767102,1668154499984372,110038,1668154499767102,1668154499984372,4,1668154499767102,1668154499984372,9,1668154499767102,1668154499984372,34,1668154499767102,1668154499984372,3681,1668154499767102,1668154499984372,1,1668154499767102,1668154499984372,16,1668154499767102,1668154499984372,137324,1668154499767102,1668154499984372,4,1668154499767102,1668154499984372,2,1668154499767102,1668154499984372,6,1668154499767102,1668154499984372,2320,1668154499767102,1668154499984372,1,1668154499767102,1668154499984372,2,1668154499767102,1668154499984372,135706,1668154499767102,1668154499984372,
